repo,sha
SpaceMadness/lunar-unity-console,6e50e6cc5015ada1b70dfc877bbd74463b856748
SpaceMadness/lunar-unity-console,bf8a2e445e9cbebd4aa6a8f724dbfe4537717e1c
SpaceMadness/lunar-unity-console,882f2d3869662e238ff6f12483aacf845a7a2ec4
SpaceMadness/lunar-unity-console,6091d5982d8aa2edc0930c2f949f58959a4e141b
SpaceMadness/lunar-unity-console,4c77efb4a0ded2ca4369d9a2f49f4e72d60d3017
SpaceMadness/lunar-unity-console,e91c93d39fb2f1976698d7996d4ab41a05375c08
SpaceMadness/lunar-unity-console,aeda62deba9a8946a0c2f800d8921cdac391cd4d
SpaceMadness/lunar-unity-console,25c98f1ef33449749b583d8e1adc9c13237d4dfb
SpaceMadness/lunar-unity-console,03518c4aed5d2c3d690e8682f2189f1e4759caed
SpaceMadness/lunar-unity-console,05ca986d3db75cf0f2d7e2136a9773c21ba661b8
SpaceMadness/lunar-unity-console,601cd4502d4ede29039e117b43a814900e9f38b6
SpaceMadness/lunar-unity-console,5798cddf424a3355b3d8c03189514ad7b6ea9139
obriencj/python-javatools,ac94416a9e92d78d011796a56f6464a343ea7688
obriencj/python-javatools,dd4513f95481a7d2232ad520f1ee580d4f9e0f13
obriencj/python-javatools,5addcac9ced12763e2bd7f81a75a033609759d40
obriencj/python-javatools,07f5e27103fe41fc15aff0a50b5645a3405c5994
obriencj/python-javatools,e855bc8c8a928ca64c9279bad9e0609dc53f6a25
obriencj/python-javatools,92defcc9d94a1891031f2f308633f23605f92ef7
obriencj/python-javatools,a48b40f3c35964af35f4f187e10909b7c834057a
obriencj/python-javatools,daa8b8d43cde9e8e0821b8d873bacf3e11a5cca2
obriencj/python-javatools,8da64c5d3e240fd943e7ffc370b2a1d8546de70a
obriencj/python-javatools,4f59107aa15656cb7075a2d3f0a1c65106784ed2
obriencj/python-javatools,272b4e771e1ec35456f85d212bb058f3892cc86d
obriencj/python-javatools,000ebff91cd735b6c7970acb529d9664200cf69d
obriencj/python-javatools,b8b7ace1740f66df109b8e7d1cc7c762e2b12844
obriencj/python-javatools,aad7122329d5cfa95ace64a069c26ee02e140452
ctuning/ck-env,f1098acc10d6cc3ff188d09a06ec259f4e5c92a5
ctuning/ck-env,e53aee22f536339647e58b4d63c85039ee84168d
ctuning/ck-env,97d4013a72612a70096caac1b5ccfbaa41c166fa
ctuning/ck-env,a486167a047c57f3664e418cd61a9bfbaa958ed3
ctuning/ck-env,25036d2101c70eb93c767a1f5823fc1fc8281099
ctuning/ck-env,b73e8983a6a0cf94539e47250e62e45c5376d1a6
ctuning/ck-env,f1e69bec5f34960f39fd5c71cab714d2e6bcb021
ctuning/ck-env,62f2fd3206e05233c05d38a33542cbe779c0dd98
ctuning/ck-env,aea65dfb889ad848d49cd85258f0519320d7f30e
ctuning/ck-env,17b2e41e622e8c1ff23c94cf454d658f5bd6f421
ctuning/ck-env,7f13ab3243f46328d70cdaac9a0b8b45a12816e3
ctuning/ck-env,18ffbd2caa1a0e51b7c3bd86bb17c8ab54ed43a5
ctuning/ck-env,cc8de093dee5e2168663eb7b83d0c176d44f8476
PMCC-BioinformaticsCore/janis,85f5ea464f97493e2af662e746537a7c79702855
PMCC-BioinformaticsCore/janis,c72096c153e94f4c65709e02ee7c36606cccf61b
PMCC-BioinformaticsCore/janis,ec1af50af6f7eb119e6b77e7e1846a5022010b14
PMCC-BioinformaticsCore/janis,ab2e44cc716550dea74c7fa1d8cfe6a2a9648a2a
PMCC-BioinformaticsCore/janis,b877cdd583d95c14919bd7e0f40c00e20aaac434
PMCC-BioinformaticsCore/janis,265c7a26bf9273f84ed3718cc292d13bca585579
PMCC-BioinformaticsCore/janis,56b2466184c1ee8e474bb829203deb952fc251a4
PMCC-BioinformaticsCore/janis,586d03f7ff92cbca20e35eee96c26cfe3f90c8bc
PMCC-BioinformaticsCore/janis,f3ef09b48a7adefc94695aabff432de7f7e33b2d
Chameleon-Vision/chameleon-vision,f0bd6fcb9865e8b98f07926f7a22ef25e8227290
Chameleon-Vision/chameleon-vision,3f8f0dabbf7d8a585a52f515c2a729f07438014f
Chameleon-Vision/chameleon-vision,8439df54aec9e2f0a416b3958bcace6b533ac5d6
Chameleon-Vision/chameleon-vision,771958fb71c68b13f15784fde95d1b5aba818958
Chameleon-Vision/chameleon-vision,2cebee43c4d83d01fc7f4c08c7eb3886386c69fd
Chameleon-Vision/chameleon-vision,2317924b8b1c4f0b24b4479e3ef53173196065b5
Chameleon-Vision/chameleon-vision,b88964d31e51a2fef12a8b091c6f056ac0f150ea
Chameleon-Vision/chameleon-vision,2291a1e1953f2dd9746b22a128c94d1931505a0d
Chameleon-Vision/chameleon-vision,088c32f5737156c8c3da0ff75a1a915951733c4d
Chameleon-Vision/chameleon-vision,5eec368f79584db36e1502beb7834ffb017faec6
Chameleon-Vision/chameleon-vision,f54beb6d5578f945d2cf8be0cdbbfbb07602ee7a
Chameleon-Vision/chameleon-vision,97a6e1419d159262c37eec6463e79417d19af692
alorence/django-modern-rpc,9dc1db64c406bb8bf012a71025d7cec5562f31a8
alorence/django-modern-rpc,136efc3fa9ec3a84355095e33b8fd3c053207094
alorence/django-modern-rpc,2f3fc4922859dbf6d9ddf59d463d1e16e227b585
alorence/django-modern-rpc,2cfeaad47dd5fdc24d27965e6312d28dc4e81034
alorence/django-modern-rpc,ec76678b22b19e3206cbfb41efe77d336fd2360f
alorence/django-modern-rpc,e39d757769b5d99fafc0bcbe5920dbd0ff1047e3
alorence/django-modern-rpc,931e5ed4910a2d38545992f5b08240ad6176f0c2
alorence/django-modern-rpc,41dcd49fabe38697735210aaedc953f7f693c4a1
alorence/django-modern-rpc,8de497f5f5980b2aea426c50cfc3017f35fb4a9a
alorence/django-modern-rpc,d2d028aae74e328c59aae06e8142c2b67cb1d54a
alorence/django-modern-rpc,2c037e38b1ff2fbd47ac747f2c64508aa15030ca
TeamPneumatic/pnc-repressurized,717f3c2c4bf5c27838c1f91948953361c5b7869a
TeamPneumatic/pnc-repressurized,264e170dabb8057e1106ce80ccbfca0a097919e9
TeamPneumatic/pnc-repressurized,2e79999b5c8b8ce3e7f0e33a5164700df6fe719a
TeamPneumatic/pnc-repressurized,544bdf4b15165930799837bee81f4672f2b2a2b2
TeamPneumatic/pnc-repressurized,9886946ba2468b2e8d3fc14cbe7b5de4de3d69a8
TeamPneumatic/pnc-repressurized,b0874c3813aa9e19434f69898d606c83c4bb9981
TeamPneumatic/pnc-repressurized,33ef8a87f4d4db88b5893cd2cab38a9d0addfba8
TeamPneumatic/pnc-repressurized,74195312c3397b3acacba87762fc1e46087eaf56
TeamPneumatic/pnc-repressurized,c5ce31ba3e0f1d140ebc2e9bbe6439e6995dda94
TeamPneumatic/pnc-repressurized,2294395bbf9a0706b5eedcc1b15ac1198581d234
TeamPneumatic/pnc-repressurized,76a789eaa153bd9e9880a23bf7386dcc4bec3270
TeamPneumatic/pnc-repressurized,3fcd7153686fbdfeeab25163d3296f6ff5bdbd0b
TeamPneumatic/pnc-repressurized,239eff7c8cb32b54558585919791ef1c68bb2e4d
apache/openmeetings,b79e74c377994b4b4e4844b2308dea60e11ed104
apache/openmeetings,e667c1283489b18cbdb0466807f2c8f6382c89b7
apache/openmeetings,69c957020c1628a181ce8ddd5e879ded21638eda
apache/openmeetings,39a63ee35cf94bd806d6bdd235efaf02e0cbdbb0
apache/openmeetings,fedb0183b78eaddca410b3826989a9b639e56745
apache/openmeetings,189073036b0af8f0e55c10df940f6e15c293774e
apache/openmeetings,0bb487d101d737b6e5fead77397896d83cda73ae
apache/openmeetings,5f787ceb5d7012797a75a9ed2715ae253fb9a2e1
apache/openmeetings,cd98ba98906db9a95710462dccc55aa4f984bbce
apache/openmeetings,fdc7e9ac04a8a87b7776c4f8005bbba7fd59217d
apache/openmeetings,fa67693a96e153b3761ab76dfc327af8ef14772e
editorsnotes/editorsnotes-server,b53e957dddb578acf8c7e958c51be5c147f19f77
editorsnotes/editorsnotes-server,c7bbe02d9a0f230be647581debc70b8ad02093ad
editorsnotes/editorsnotes-server,47f48eb2034a2cb77caadb8470d021709d3cee05
editorsnotes/editorsnotes-server,649c5efc5f1cdf6c2b2125f999124b8aed252c2d
editorsnotes/editorsnotes-server,fdf94793a99b3247cae047987532942a54bd2fc8
editorsnotes/editorsnotes-server,071ff58d82c30886ce80df9e982b4320a7065e54
editorsnotes/editorsnotes-server,e9944c9cf5c538a5f6d0aec011d41f95d3da06c4
editorsnotes/editorsnotes-server,de2bb8bc91ec7de1698bd1020830b14c4eb333cb
editorsnotes/editorsnotes-server,568586f3f1ea7cdc0a27ff76280e2e890b75b511
editorsnotes/editorsnotes-server,190d7a3b4235d62e22681fb62cacd321b02df046
editorsnotes/editorsnotes-server,9459a5653ef8d28de0bf107895a869efcf38e7f3
editorsnotes/editorsnotes-server,9528ddba543da355c177a0299851aa7d2a8c0cf7
editorsnotes/editorsnotes-server,e29895b1dc335c875348ae314931ae5e28a2df55
editorsnotes/editorsnotes-server,b6b40088b4a773d777bd3110009ca54a0925368d
DualSPHysics/DesignSPHysics,352759b46ae98766742d82353bd1141717925275
DualSPHysics/DesignSPHysics,daa5b7ee1e1be12e3ee4c61806d7db509e0efa35
DualSPHysics/DesignSPHysics,2218e9334ae011aaebfe634d4dafc0a5a46b1eab
DualSPHysics/DesignSPHysics,caac76c556d6c7af104bc038e1499c999722a429
DualSPHysics/DesignSPHysics,514d4751c84f3b3b95d00f7bd8300523e9684227
DualSPHysics/DesignSPHysics,9f81db36d4972eea9179dce63a4ee33bae61d5f7
DualSPHysics/DesignSPHysics,e49ee6efc1bf14854bd2cfe15ab1b4a441e3a730
DualSPHysics/DesignSPHysics,1bb2abfd041f94012a9ad8d26e92c19d357e090f
DualSPHysics/DesignSPHysics,a4a18a257e503eea8566502b13e125e1053cb60b
DualSPHysics/DesignSPHysics,43a352366e39fab3ce099ecfefa1dd565a50934a
DualSPHysics/DesignSPHysics,8ee45a89a108f28ec4aeced30657f804777695bd
DualSPHysics/DesignSPHysics,89e3a51c9a665e27d59a8a0fb51a7b79e2b364a5
nextstrain/cli,5e8773d380c92ab99a4a4c65201e4596d9258641
nextstrain/cli,1a102a5461772760895a2ee8185df55e49cfbe7d
nextstrain/cli,9f969ec925c97b366c0aa9aceef3f741ae514b10
nextstrain/cli,9f85fc4349d6463511536a8a75d01199f3202548
nextstrain/cli,1f3575fd34f8d86d4f72758765b01e08846889c8
nextstrain/cli,1556e7484d9ed4077cf25520d317944f2c8ec36d
nextstrain/cli,799f1e8cffeb580a4178cca3576369c031ee97da
nextstrain/cli,1b07ac8281ea2320a9a231ff4f06eedc1bab66b8
nextstrain/cli,7e3eea52042aee48037d4d69cb07d1322045b664
nextstrain/cli,7c9301963e90eedc3b37132c34b8a8448e657c15
nextstrain/cli,b5dbc319f6881e474dae81a5a79e99406288182f
nextstrain/cli,f6bca01df427946b5d022b932e39370b0933361c
eradiate/eradiate,b53a7b593827bac0b0e87c6a7387229f683fabf7
eradiate/eradiate,966f5d24fdb2cf267a9a5347a8b41ede0d359b68
eradiate/eradiate,a8895dfe1a11e199b73074437d225c57f4cea214
eradiate/eradiate,94b26c767aba5ae21a4f5cfd297a7c8f0d2dd790
eradiate/eradiate,7371f095e0138d100d014c5ccec6cb411bab340b
eradiate/eradiate,a3dfe36fd9b2f7e5842c60a7d5204f9d2138072e
eradiate/eradiate,dce89b5f740f11bd37b398d03cc9067a71fca638
eradiate/eradiate,c6e43bc584983c76f346a1f05a603fed940e384f
eradiate/eradiate,1a170514832be34a80b3e1a11646f7634bed0dae
awslabs/aws-crt-java,5c73d2aa74fd32c3c61c8b7ab83f344736c10c8e
awslabs/aws-crt-java,f8d0097da3f89c5176f9356b8b2ddcc46f61d493
awslabs/aws-crt-java,c46f36307828383c6e6d9d1bfcefd4b0c09e9302
awslabs/aws-crt-java,dc2bd6c8425fcfe5d3642c9cd62162477502c1b6
awslabs/aws-crt-java,79e1b81008262d3af369ac5d6d8a561a9dcf7f20
awslabs/aws-crt-java,c2a60f16514ca0b4ae6bfa6ed0a1f591a5e9fc77
awslabs/aws-crt-java,e2b0fe85050ec9b7957393e0a99de4e07a141d12
awslabs/aws-crt-java,a8dca2cf5b14c2750a9bb110a39c854ebfdca89f
awslabs/aws-crt-java,82a0be0d9b1418ca0e44c81984f771521d4168e0
awslabs/aws-crt-java,b2cf2029756d61c4b7cd0994315c9eeba0711d2d
awslabs/aws-crt-java,dad3837984c3bfe4e260dedd4196a95dc9b88d17
awslabs/aws-crt-java,d64b6873ba6dbcdde96e6fa5db359f5e1ef75908
billchen198318/bamboobsc,839f10ceea37faffabad3f36f746fec912f1b987
billchen198318/bamboobsc,32144d9f606ea9d55ab3066eaf538f04a744e59c
billchen198318/bamboobsc,3b6d2e0bb98c57fea0a843ea15fe7fbced5590e1
billchen198318/bamboobsc,76c5d87b006c0e05ceee65f567e39523d85120b7
billchen198318/bamboobsc,ed76ec13ec3cafd0f6e4a36a1b3ff594abab7561
billchen198318/bamboobsc,d73c30c2038f171b6e5f88693c4b7cc602a5f55e
billchen198318/bamboobsc,e937896d0467ad94b7b38991da26336dbcb88437
billchen198318/bamboobsc,b82ec879aa05e0442f19655e1f775d6c4e70efa7
billchen198318/bamboobsc,69e5e4c4f4bb8c992713252a817df29bebc5d079
billchen198318/bamboobsc,3c8fa7e5e2d7c756d8ce6606f9de6c9f21df332e
billchen198318/bamboobsc,b663b91d2efa80052a7b0137a0661f5299f8f7d4
DominoKit/domino-mvp,87d92e340220c8cbb724f57861e7544ca948e799
DominoKit/domino-mvp,95a8c4ca47676518c4f42fbb355c42dfbca3136a
DominoKit/domino-mvp,79efb713136facdd4de17832b13fa28aebf5fa28
DominoKit/domino-mvp,6f93d2027d5f2b3df18e9014f82eb81ea5c67cd2
DominoKit/domino-mvp,62656cf464d2456d4cf381ba65db3c4395c09f24
DominoKit/domino-mvp,6136873d36dc8d6c8a7036f24fb83b4abcb1d641
DominoKit/domino-mvp,2b55ded7535ae5926ed0e1ef62b99edeb0742106
DominoKit/domino-mvp,3773d687122723eed5190b40533f4f3a97a76d0e
DominoKit/domino-mvp,c55c8716eff71ea7f95a3b00abbaf97061423b54
DominoKit/domino-mvp,07d2e176a6bfa2e51f0450400d7206a4e8b42a15
DominoKit/domino-mvp,d09837ca5a6533f472a363fc985d5cae5d1317ba
DominoKit/domino-mvp,e8302a4c60d6d8fa0561c8a88c57fedb8383d50c
DominoKit/domino-mvp,9e49b5c428bb4144d9d8903952b5b0b1709721f3
DominoKit/domino-mvp,cf23515d4294e8db88a72ac14e36303c0a0fad39
BiglySoftware/BiglyBT,a7b14ab147b277733f1bd7f7482b9b62f2b8efe0
BiglySoftware/BiglyBT,22d22840efba7e1c34181228211975441b74335a
BiglySoftware/BiglyBT,0a380eea3a4a534dd14f47d05a6ab292001d9042
BiglySoftware/BiglyBT,36bbc8c86c2193cea99f3583c28892b3c02c7a1d
BiglySoftware/BiglyBT,44ffddda808f952b21fa02311d5f6210212c80a1
BiglySoftware/BiglyBT,5e92b01a526ed45bf2536b228bb0e0c2e1394155
BiglySoftware/BiglyBT,893c261ce3d7a76d88cd592acbcc8984eb749d6d
BiglySoftware/BiglyBT,6b059ce954cba3f4717ca540bfee1d142d49b966
BiglySoftware/BiglyBT,c917c0bbe0196e6c05e20b56f3d3657b77d4c3d9
BiglySoftware/BiglyBT,1960e539005ef8da66551d1ba206b13d62b98624
BiglySoftware/BiglyBT,d2258e0a09819c41a1d9acd1e5dca70273727a90
smc/Indic-Keyboard,767be00fe37b9f36106b65db5528b85e48e896bd
smc/Indic-Keyboard,51c3f88aafebb371db5b39ca9df341ca903e2d1d
smc/Indic-Keyboard,8221d1769a10fe3738d7860609ba0bd2e877efa7
smc/Indic-Keyboard,96f78b6b4d00146fd0635cc4ecf6f21a0be91292
smc/Indic-Keyboard,86507b4ac812e506a149f2365c911c15eef453ac
smc/Indic-Keyboard,bcfe21cb3b3bf22ad8ef2a2c38517e1b00e66497
smc/Indic-Keyboard,9a9a0bd97d40ea1808f03140f5b83c16daa5ecd2
smc/Indic-Keyboard,bddbb8ff8d18583c07c153ac033bf4846f8e38a9
smc/Indic-Keyboard,86a82881294637952e2467f2868c385054987737
smc/Indic-Keyboard,b3679efa92a7f76ea86c304cf0f0543141fe6974
smc/Indic-Keyboard,5f2f10f302fe86798431208d2aabbdd6fd1396c9
smc/Indic-Keyboard,bee758de74308435383c20645a5052ee532289d3
Kubeinit/kubeinit,f8b423aabf3b1e4a9ba9e0d9d13435af5430a3f6
Kubeinit/kubeinit,8f8dbbcdc15f2e92a2657e5a7a32e7ef49890447
Kubeinit/kubeinit,691208323063fd09824e7457df54523fc95c0605
Kubeinit/kubeinit,ca50654b6a923d97a44d37ec086a15d541556601
Kubeinit/kubeinit,2e22fe609ea1db6f8f440c12a77b21ee1c1c83a7
Kubeinit/kubeinit,5f189c3fcbc7f79b3c5a1f1b505d98af90942dc1
Kubeinit/kubeinit,15a4a4196376be1f257f4437a6045dc411b64f12
Kubeinit/kubeinit,3da6ac69379aebfc7a410830120e41359914a028
Kubeinit/kubeinit,56531d46bda6e4594e8e02f47ca90657c5e91835
Kubeinit/kubeinit,444e89e9caa5b9b0487e7a0126cf06181481cf0b
Kubeinit/kubeinit,bba72d6c0356cfe9e9a0bd6512597d4ea3c33488
meta-flutter/meta-flutter,24b51adeef474cd91b9da77e32504763143c19cb
meta-flutter/meta-flutter,15d4d14071cec16372ccf4487e19c34114d1ab31
meta-flutter/meta-flutter,16b1e9344e041988248879addc1fe73fcc7810d7
meta-flutter/meta-flutter,37e3ee9c6041ece87da2038c84b1a7e9d7ec8896
meta-flutter/meta-flutter,431794651dd019e063e3bd42312b49c0209f996b
meta-flutter/meta-flutter,cc9b4d408aaa28d51baaca0ec2d57fc1ec032adc
meta-flutter/meta-flutter,d7bcfd6b3f8c9afe9f30205bc95fd34dc5ebc716
meta-flutter/meta-flutter,417cb48130ef3c20cd25a3c1caf92e1060912983
meta-flutter/meta-flutter,3a7610b3f07607e71c432745d903884577fd13c0
meta-flutter/meta-flutter,4ce74de18341c1ee288aee02a2607df4c1ea45d6
meta-flutter/meta-flutter,542d14e2822e715ebf1fb1f31e2108e19b7671da
meta-flutter/meta-flutter,f46462f3e4b3f6d31c43756eef61fa6bba0b6e4f
meta-flutter/meta-flutter,71e0e33eac419a0a2adef36ff6abb409cb71b993
meta-flutter/meta-flutter,cac4ad5f6e14fae8f9c272ae3a43f5662fb1d488
gomint/gomint,00db70b888e93240320995e30e7f1a29b9560b27
gomint/gomint,d9314ef0239b45a07992a6f24899252d31347d80
gomint/gomint,b54725ffe512ba36cb466e977ce3411ffdf8f019
gomint/gomint,3f117f41c1aa9cd5f138bfe4bc64a2f1f69625b4
gomint/gomint,160e4122cd8fc25a7a03798d8f312894ae0301df
gomint/gomint,f04f2e1143fa799bab6c791f2d5b806432376a63
gomint/gomint,ebae6224def89281386534cf2c14ad72ccdfc789
gomint/gomint,6aa46bf2989702e6f7a5c75fe6b920fd1b95020e
gomint/gomint,2c32abb27aa0ed7b7d7f246ad5d259a8511c0a9e
brianmanderson/Dicom_RT_and_Images_to_Mask,3a1243b47d64e84e4adff2c4d175af3f14d12f43
brianmanderson/Dicom_RT_and_Images_to_Mask,a37a1a51cd651722db3c3c2772bcc8902cd07c14
brianmanderson/Dicom_RT_and_Images_to_Mask,5f52c5383b744a4b5bd7c0ba5340897f47bacb22
brianmanderson/Dicom_RT_and_Images_to_Mask,2af8575394cfe1ce725d15cef9bbedfe3bf6aeec
brianmanderson/Dicom_RT_and_Images_to_Mask,22bc5de4b54398a8907f36ce993297564376363a
brianmanderson/Dicom_RT_and_Images_to_Mask,c9c410f265e2a62cda4ea2ee68bb7032176adafa
brianmanderson/Dicom_RT_and_Images_to_Mask,e23d6ed808b92cbbbc992e4c35bbf9006d0c0f98
brianmanderson/Dicom_RT_and_Images_to_Mask,32c3ff8e66066e7fa7daf064738adf4a560a23b8
brianmanderson/Dicom_RT_and_Images_to_Mask,133f97a912121de9c488cd90a058a5abc00a60d9
brianmanderson/Dicom_RT_and_Images_to_Mask,0c75948adffaeb640482b026f519c08cd64970dc
brianmanderson/Dicom_RT_and_Images_to_Mask,6614e35afcf78a835cf6123181f980b052f3eb36
catenax-ng/product-edc,492e834c4119d7fdd015d0b5c0430b4e636320bd
catenax-ng/product-edc,e9a9b2de60eb30cf06bb30328b0adeb746a23862
catenax-ng/product-edc,549bb0a21d33334c55945e02edbe4e30edd06434
catenax-ng/product-edc,e10f01acc37e98ab4d64b419f0997c28e4167c65
catenax-ng/product-edc,846473b8539327daca3fc54ed5e08e9a69014566
catenax-ng/product-edc,aedbf25ff6d319aa53b3fde429f329d3c5df3bc6
catenax-ng/product-edc,c1b8affe8348ccaebb04d3ee080770341cb593e7
catenax-ng/product-edc,194c6040addcd247442ebbd8b49722329e9923b1
catenax-ng/product-edc,a0c7ab8b46afd6d234a7b7eb0e063d313bf85641
catenax-ng/product-edc,67063087401a4b62d63125aba7143a6649c8b0b8
catenax-ng/product-edc,cf0a86551ed0361f5efd07580ede82e7b1107d99
catenax-ng/product-edc,22146c3c79309cda52a362214d9fc2e592d2107f
marrink-lab/polyply_1.0,03f72e1d1719fcace468717b8a76689215a7c016
marrink-lab/polyply_1.0,a693d82080e3e41e35e5c1be77b419fa5089ddef
marrink-lab/polyply_1.0,d42731bd624db754c52fbef3d19ae40dd07d863d
marrink-lab/polyply_1.0,df684a41754447626627cdbb697d51a3e31eb122
marrink-lab/polyply_1.0,a665348571804057e71fd029c85962c85e834e53
marrink-lab/polyply_1.0,e3ab67683d3c24ebbc80600206ab46f00c023a8b
marrink-lab/polyply_1.0,cef2e23ae44676ee61efc017a5ba644f8b70596a
marrink-lab/polyply_1.0,decf7b1a17fafe1dc7c4622c3fd681b9a3c446d9
marrink-lab/polyply_1.0,8821fbdfdd6a8ada4415893b5b7498a646c38984
SPINLab/geometry-learning,c1535cdabf6c7681511b4bf550f793ccba9ce6fb
SPINLab/geometry-learning,376b26a6b2a0107e856700ef6b9d50eb255a0f90
SPINLab/geometry-learning,2fd489be88b229c08a2852217405ac2e004d763e
SPINLab/geometry-learning,efc06aee48188a500a7af40125f98ef010d75bec
SPINLab/geometry-learning,5af30ab2be8d8d45fc4d45504c31b70a5eee99e1
SPINLab/geometry-learning,ffbd6daa0a02c80cb2ceeba6a804e44b89015e62
SPINLab/geometry-learning,b72927c46ae0795651d3bfb182433c86e2989fbf
SPINLab/geometry-learning,c679bef62b5cdfd08a3dd937490b9779a2be7f0e
SPINLab/geometry-learning,0f6e824a73c29fb6d7e99188dff00ff24e7c8061
SPINLab/geometry-learning,480cf9a316bd01f5f1acf2f27e65f588cfe64be5
SPINLab/geometry-learning,6691d0c7aa80aba568c6ec76231d008e62580e8f
Ravaelles/Atlantis,c9fedae2c054b4812ba116f00f8bf93c2a178768
Ravaelles/Atlantis,96f092ae250be24ff007a7fc865c5ad7aa2adb22
Ravaelles/Atlantis,e21cfcbbbfd044bf32b425f19a325459d035a0d3
Ravaelles/Atlantis,cc810977a70cc4f99262d66ec653edbc351363fa
Ravaelles/Atlantis,dc57ea9eca648f6fb3d89c4b4fdbd24a30232cd7
Ravaelles/Atlantis,d8123738fccbc24059efa6d48dc272e4455669fb
Ravaelles/Atlantis,8f12b3d78388cf91000383fa3243bed219348eea
Ravaelles/Atlantis,89fe47619edf026500c1db491679bd4fd3b8d7f7
Ravaelles/Atlantis,9be04dbf7cc100da6eea12df8411dfbe53ce5678
Ravaelles/Atlantis,4d91175a42efbb41a06c01c6c060d3ea2577c9f7
Ravaelles/Atlantis,179bc267dd470397bf9d0be70cc50b1928b1105d
Ravaelles/Atlantis,ae703ec8c91ce092f54cadcb2551fe8831e37c7d
Ravaelles/Atlantis,ca39f0bb9bac16976edeb5bb79a8a2eeae6cd41e
Ravaelles/Atlantis,0c89b08bba30796f542448fa4e83fc034c65ff41
openmaraude/APITaxi,33b3fa88ccda55e40b81ea32d069d81ca6d0796a
openmaraude/APITaxi,809907cd71c3fc5bdbd9733fd248832bc0a64626
openmaraude/APITaxi,489d39318dd82679046756a313e41073558ee319
openmaraude/APITaxi,3a84f461480aa2d97be5bd278ffee2e613797878
openmaraude/APITaxi,930fc599ba033ce129d22d66b5e860d052177558
openmaraude/APITaxi,38a18002b514d7c43ee230f36c6b7f705300f44e
openmaraude/APITaxi,219e365e38d21dbbcf0c30896eb5836fb8b4eeb8
openmaraude/APITaxi,421f594849aa660b84a80612c1d4eb4dc9186ff2
openmaraude/APITaxi,6f01fea8d0e5ef4828af9296ff6979bb008ee6b7
openmaraude/APITaxi,7dc60802621d0f5f6aafb1fcf7fb74ddf677274a
openmaraude/APITaxi,4869fe43c73e3ccb57af91d7dfca8c355074e546
openmaraude/APITaxi,80d666c305bc7a9a45295d43c595743b29960866
openmaraude/APITaxi,38889619ce0f683add63f3367e359633943a45c1
openmaraude/APITaxi,5bfe7b2132e1c57e6e204bc0ccdbfca9a3324be1
iredmail/iRedAPD,c7580f75e2cf9c65f85efe786e71794f9df8072b
iredmail/iRedAPD,47a6f4a60352028b9a6677c5f3b5f76d9ce32433
iredmail/iRedAPD,661afb6c86cbd46ae6d6e0040b5ab790f7243dd9
iredmail/iRedAPD,f2c1993faec5e4e55923c0eecdf6816beaa7747b
iredmail/iRedAPD,1907333dfeafa04021962b0d7fab67b579584ea0
iredmail/iRedAPD,1b3c88db6e792030de714d9ea91f6c0834c3d3b5
iredmail/iRedAPD,035066bcd76384d758c3c77c80eaa5abbedbea47
iredmail/iRedAPD,808267b2056fe4ad146714ae0704bcdb19f7fe5f
iredmail/iRedAPD,2aed153fa8f97fee1c523dfa46317d4365178007
iredmail/iRedAPD,dfc9881f675fb631c1f5844019e2703c8a677e0d
iredmail/iRedAPD,bd8d7f8ccac330381b3df063a8f5e52518f3d52d
iredmail/iRedAPD,3368c0772fff73d868008c8f5a55cc239ca98474
iredmail/iRedAPD,ddef7131529dc1c644b964bd733902cfa15bb24f
iredmail/iRedAPD,e8e6c61c1c96fc3510ebbd948559020135dce8de
ishwi/Chuu,a40566d9e2d7964ffb71fe0b4de6a5f85c670dc9
ishwi/Chuu,c6effd61fcdbccb11e5c25c997b839e6ef678e89
ishwi/Chuu,595eb8463929c0bcfeaf1fb742df208f089725ee
ishwi/Chuu,c918a96c1f77740dc8e8a1cd99bf419a263998dd
ishwi/Chuu,ef273ad7015ad828bd09798d3b1418b7d8d08fcc
ishwi/Chuu,4e6c4a340ac1634a8e9f58400c5b6a3de4729f0e
ishwi/Chuu,b07be5cc4cb3caa8e05b67c0679f1f0008d35b18
ishwi/Chuu,5818d3892541030340009ca145db95f2e336fa86
ishwi/Chuu,f6cb3dd3a091ecb9ef122bcaf42b40370d38992d
ishwi/Chuu,cf6717464b7911cf8ef557e51794bbe8eb6cb53e
ishwi/Chuu,a772c9baf6dac8cef456ddb2ae6294068834622f
ishwi/Chuu,df9f046b83fbfd22f0aa5afad1c2db34a9afe128
ishwi/Chuu,dcb70d1d4d604dcf0b6412f33377738db9423c9b
ishwi/Chuu,e64272cfec0cd81030ac74c4c694723a9d42c3a3
spring/uberserver,10cdf91a7574f298aa8ae177752cf2321e054ea4
spring/uberserver,6e4e0330472bc3e347ba55a317614b9ef93eed82
spring/uberserver,da711c1a3290a9869557dfc84fa0a36621f4fba7
spring/uberserver,79d12504a8cbe289aea8f2ee9ede45a8d5c4fd16
spring/uberserver,138b883d934671f8e7b587639fa1fbe6f6f4bc79
spring/uberserver,23c754cb410dc69f3ac3bc2d95e75621171a0ae4
spring/uberserver,e4e3d0d0584f44c1b6b30bdaff140195dc33ecaa
spring/uberserver,db39d213b6ef1de03c9ba67490012ba08b578920
spring/uberserver,9af04cdd7f5e0574af20462aaa4099b16baf9bdb
Stratio/Decision,125ede549da5ef1984e976bc1d421366ab9083a8
Stratio/Decision,4cc101d8d2ce464e215f99f7e22b3681161e38b7
Stratio/Decision,3a652a43b6c67f2fee65b2e52db2b1d1f1d2b982
Stratio/Decision,fc9184d83d09122789df8bbf6cc924cd6ab1f535
Stratio/Decision,9bbf63bbfc3791ddebb057a8c54019c2c6b6a7d6
Stratio/Decision,66c64a718e79a3d4a4169b2f2ad0e403f5ad29eb
Stratio/Decision,4e6230746d94b13014451c6a3bc4f2f28ce17bf1
Stratio/Decision,c24abced584076e60e43ab505b3c382f03372617
Stratio/Decision,27db60b73d17fb71bafd3fc808e574f169da9594
Stratio/Decision,a2fcc3fb34916ba163154939cb114785238fd7bf
Stratio/Decision,88a014266707e1a0443b7bc02870c8f1bf4c3ac7
elastic/apm-agent-java,41acee9dbc214ef6818a461e62411b1dd2b96d53
elastic/apm-agent-java,c71292b64a1c2d19fc9cf483bf6bd17a6ff0e517
elastic/apm-agent-java,9c2c780e260036903e04c940a187df936e3b37eb
elastic/apm-agent-java,3929d2fa8c104e7b08e612713e0f899f3912a686
elastic/apm-agent-java,42c42d52ad23d0a6d2e35c0746ff4bc82b0b4dd5
elastic/apm-agent-java,86e51a59bb1b43e1915cceb31172cca5e4d7f3a3
elastic/apm-agent-java,db644c5526b21a10eddfb169449c9efb1259a80d
elastic/apm-agent-java,ff2633f6004e77cd0f85470c460e88ce7d719156
elastic/apm-agent-java,2a60d89e8d981c34b41cf4fd417eb938662c8873
elastic/apm-agent-java,dc56c2353c705258987066f86811a1db50aa6dfb
elastic/apm-agent-java,969d3cdd9b54f337820c1cfb62e120f384232ebd
revng/orchestra,cf74ccb4db558bcddc319d9fd8da9fb3a84ead9c
revng/orchestra,6b194ba9489f1dd7b4c44b39e6f8aa1ec0ba63d5
revng/orchestra,7c8ed9bc6215dbb80f2917526245a2a35497d099
revng/orchestra,1fcb2bd05993c6e150d05fad07965ae073ad71e8
revng/orchestra,bff61ee1cfb880f5b5710dd85debec6489b84ceb
revng/orchestra,2074b5529e59e5a996dff83ffac9780a806aeea4
revng/orchestra,a7f5a56c54d469c2a4cd016b7e889cbe11b7adc1
revng/orchestra,245f55bfc7092868440954d1f877b0cff0a42996
revng/orchestra,ec690b425254df2af4e511ce405277ad5ea43ae2
NanoNLP/medinify,ed25624f8c01fdf23c30dccd78925539e6515c30
NanoNLP/medinify,c490a2aee06478612a3cc20cf79dea9f61214003
NanoNLP/medinify,64451fc9b298cf6a912eba7643cc8682e52f2bdc
NanoNLP/medinify,cd38588e1cc4a47d5b8c5cb26902d83e4e0068f2
NanoNLP/medinify,2a10da1c7239976a3b20c6c32d69f468cbe35df4
NanoNLP/medinify,6d146579174a8e3c551786e0b9f357f29e01a7b8
NanoNLP/medinify,c51ee72c1d5f43c862e7c240f8f3fa9835420e3e
NanoNLP/medinify,ce359d1aa8ddc349836a1a1abe4d3bc2b8da2d28
NanoNLP/medinify,45e30d853b322545a8a2dd2450fafbecd19f384f
NanoNLP/medinify,8555fe30466f38f69e2d7041a660aa50c4b5e1ae
NanoNLP/medinify,979f31ff2933e93613b3c2a00c62d39adb021d6e
NanoNLP/medinify,9e0994a15900e5e707c05ad7c7a7dca39084c262
NanoNLP/medinify,f410aa163915f085fb2151c43b16c47080f85ce1
poljar/matrix-nio,96d2e2b299078901a44a65cc1b50872db1f1463b
poljar/matrix-nio,a73c7c3dc8b9d0502e5677ee15ef8f5bb28b1f50
poljar/matrix-nio,a6db7e336279d06e23f0c978eece498c55c4b5ff
poljar/matrix-nio,936f666b9998c662b703d493f4fc45e7e2d22a68
poljar/matrix-nio,d6992bf9f27bac1afd26f8c329b1d1ae3846afee
poljar/matrix-nio,cd9ca6b2582634576922a62ae8cd99d5d216062b
poljar/matrix-nio,2b160d199ef862dfe51603fa9193a784325661a0
poljar/matrix-nio,f8f6e076d7e5fccbe60f6713b3f237b7c9f5def0
poljar/matrix-nio,1d609bd568a9b71c52db53e5df72e5dbe2117416
poljar/matrix-nio,59dcda536652e1db5f72ced689224078ada20b4f
poljar/matrix-nio,c7a8c1f7c782bac6327c36952097ae1cf835f6c6
Axway-API-Management-Plus/apim-cli,a5ffd3f1642db3a404af8bb006d6888973b896c9
Axway-API-Management-Plus/apim-cli,c70b36e3b7312db3267d71a66d017dd4880f1348
Axway-API-Management-Plus/apim-cli,c0f81cc40d38abf76ea38c7e74e422c93f939ba9
Axway-API-Management-Plus/apim-cli,a20ff595cc76e0cd32ca703135cf862185b35b62
Axway-API-Management-Plus/apim-cli,4f727b59ad305009cade84d7fa433ba01cecd367
Axway-API-Management-Plus/apim-cli,b3012ba3a4cc27e6ae79aa0601f3bfe91066eb68
Axway-API-Management-Plus/apim-cli,e287e03b4802caf9fdfbd63db926fd9de432ed88
Axway-API-Management-Plus/apim-cli,bf93cf731c4ea56739fb80a6d8ef49056e421b94
Axway-API-Management-Plus/apim-cli,01aec15659eb7f15c51506fca391d337312d96cb
yadage/yadage,b3ecaeb38ba4e4cd6e14e08011e3d0c14b4aaaea
yadage/yadage,c6fdabd624caa1791f40f97e70c207314be6f125
yadage/yadage,5cb9da1f3cc6a6ad04dcc69e3edfb1b84c502954
yadage/yadage,8ea23231e1abbe7d45abb5b9aeab8089290b8e47
yadage/yadage,15888f8f8c06aa50a0e0ed1c2d52b9a31b726345
yadage/yadage,4a1f25189119aa5f8076a3dac48fcfd463893633
yadage/yadage,64809bdb6005835681603de6cc348a7e1b8a72a4
yadage/yadage,1f13bbe6e2aaaefe65fddf755d3b783d675c7dee
yadage/yadage,e8e2de75c85765460c23125f11baeeee55acfc44
VueGWT/vue-gwt,88fb44e45b71b72b45bb727f927f2990c9b66e69
VueGWT/vue-gwt,61fe52da19c266fa8147aa51df390e3c0c3f38f4
VueGWT/vue-gwt,249efe449acee6f0fc338275f5257e8601af250b
VueGWT/vue-gwt,69a3cf4b67ef01dede052a63a07b13ec387294ab
VueGWT/vue-gwt,dea2c8054790cff59e2961e715d39e5b3dd48843
VueGWT/vue-gwt,70a7130cc41efe0165043a47756a425fb2ba5f42
VueGWT/vue-gwt,12748485855986220cc1cc29b53453c33d0783e1
VueGWT/vue-gwt,cedc2fa5e38d6266469e0a0477587b8de59df7c9
VueGWT/vue-gwt,161668d10ca955398394072efeea8b0115d98851
VueGWT/vue-gwt,9f3732668e72b109ea5360b6312d84f08f39f803
VueGWT/vue-gwt,00a0b8aabcd6e69ec1d9429e444892b6827fd29d
VueGWT/vue-gwt,932e6b37d4ca9c6e954c2e7acf48735783efe298
VueGWT/vue-gwt,e57497a6b7eb9be026d50f8e0d12e61e4708ae45
USC-ACTLab/crazyswarm,1ec513fec3f9917195ae398e8814e8142a1f12b2
USC-ACTLab/crazyswarm,5c6cdedebbbfd099751614919fdfc4a143516dbc
USC-ACTLab/crazyswarm,c6f8abdf5c92f20560591503828abf267316bbef
USC-ACTLab/crazyswarm,f769052eb8772825146ef0b56a6040fb16c3aebd
USC-ACTLab/crazyswarm,df706c4b65c7a4c50d485295a53b89bfc1ea7a9e
USC-ACTLab/crazyswarm,e2e1c8eba6956a50ec85e4b448c61d0415a6522e
USC-ACTLab/crazyswarm,2b852e9aa4d6c75e9252091ef80990d0a29fbd1f
USC-ACTLab/crazyswarm,6d8f0f58448bba6b628ac9ba5d5f76972a8768d6
USC-ACTLab/crazyswarm,fc03600452a71b002bcf32d4be65d59bb8909f90
USC-ACTLab/crazyswarm,e8113fbae17b94c9156a9454672bcfdf3d33587e
USC-ACTLab/crazyswarm,1ceef592f2300c9ff48822fef8bed3df415ebff9
USC-ACTLab/crazyswarm,59afb6839c08c91ad9c062713cee27446eb52db9
USC-ACTLab/crazyswarm,ae09e7a5ac96d372b77b80b6fff722b5fd19b6e2
DevoInc/python-sdk,60315328ca27281778b7b84fb9399e13c218940c
DevoInc/python-sdk,c87a1298c46c60086e7feac8012bf51ae0cf0dfc
DevoInc/python-sdk,c769960fa1a5d32396e8602022a2eecd539cc148
DevoInc/python-sdk,6a800fd647247bddb7da3ff0f54e8834ed59a8d4
DevoInc/python-sdk,89a24d58cfaf4a7e3016bdbc815c2519292d3a10
DevoInc/python-sdk,a6d7cfda2bb9169cb13949eada11adb9f2a48ed7
DevoInc/python-sdk,bc268c131a8d1c118ccaadef4ebf25912b891d77
DevoInc/python-sdk,1886247cc20d3ced74a5749fd752ad7394e56f01
DevoInc/python-sdk,77c0ebe3c2868a982e74ca5133f5186cf97cfed7
DevoInc/python-sdk,35c253be878232eda342cacb38d86c67d363bbbf
DevoInc/python-sdk,1fb357f3f0174785b13561f4768883295eb3260a
DevoInc/python-sdk,fbe7b478d683e47465060b32ae81d3316c7e8d5c
DevoInc/python-sdk,c88dfd9f450b48d1a1950001170f46282df6dc9b
apple/swift-source-compat-suite,7964ac4891fa8d51dc28ed57fbd0171438f14f2c
apple/swift-source-compat-suite,1861b15430b9f479604dd58e440ae5cef8ccc030
apple/swift-source-compat-suite,ad36f082774b4666de0384deba6085478f4fb669
apple/swift-source-compat-suite,edf3ed01eb42b9c9f20380988860946abc28f9fe
apple/swift-source-compat-suite,0e64d8359434a1205d531d93e908e26c78663251
apple/swift-source-compat-suite,aacf06e88831b86ae1f5b7403effa0a934d4f988
apple/swift-source-compat-suite,1d9724b3e16ac7faa99a3415de7d0a0528cb2f34
apple/swift-source-compat-suite,10151896ec512d7b7609f7112a9450704e13e8bc
apple/swift-source-compat-suite,6ffcced77665d622b4e6c45ceb4d0a80e6fd013a
apple/swift-source-compat-suite,d05ee8970b162f392107b40b544d40de6c036a43
apple/swift-source-compat-suite,6f6598fa6656203e4a43aaf2f69333371a63fce7
flexxui/flexx,536b222f4a8a61440419b5d6f39e9433a5213484
flexxui/flexx,3eacd0b73b67f1b1811b7503843b37c84d2b4f5e
flexxui/flexx,177158d4d16f162806014b2cf94486f3937d515c
flexxui/flexx,7f79092c9cf7784ed05d02a3e5a0529888d9be51
flexxui/flexx,8fbdb118d20d982bcf452b7a2bbbdc78fb286f24
flexxui/flexx,3dfb8d675d40b30a6e3c3314d9115d4d4f2d91da
flexxui/flexx,c8681c67a0d817554c07b3ea2261da5af483bf24
flexxui/flexx,9956a5c90234552af727e8c3c07f6736163c03f8
flexxui/flexx,3eefa1f27020017adff956999888461f678609bc
flexxui/flexx,f50aafd8eacf1ec5b4a313f1ae09c042f5a3bb0c
flexxui/flexx,305c37ff73c836b0aff761414c3c26746c7048cc
flexxui/flexx,112511b6de2a8de67cd522cf31153c78eef856d3
flexxui/flexx,7139a02fd45a5dcb1cd9f33543f7d8d767ecfa69
Minyus/pipelinex,8af329917b3f6a9f3e825171757d52933a471e5e
Minyus/pipelinex,7d21d6f2d6cbfa73af6897c1ee472c2d1e4db5d7
Minyus/pipelinex,405e27de3a856b9f1f1c0b2c344ad3ca67a89ebf
Minyus/pipelinex,b8d38d7ec7a6277bcfad9948d0ca1f8629a49340
Minyus/pipelinex,25239ba6041eab992b6e1dd79b1ecee85d08a9e9
Minyus/pipelinex,f3d3bc3d6a4753fc83fd8f90a6c0256cfe137fb1
Minyus/pipelinex,262f53daa6045a526728b745740cb02e34ce7ed7
Minyus/pipelinex,aa390f8c04d3459bd58b3d7919d0c46fd11605d2
Minyus/pipelinex,7c8b7e8c9d856639a7892021076c64501da603f6
Minyus/pipelinex,de5baef30f2cbe7437e7c0fb31256f403bc51095
Minyus/pipelinex,c264853b1650be2ee2f8e13b7030f934c347457a
Minyus/pipelinex,256449059b1e4598403ab6cfd76d2fe458e7ee41
Minyus/pipelinex,c8b6e18e72942a53a408543e0b4d2af1eb9762af
Vyvy-vi/TearDrops,f7c47b03c0251f9f9edbf1a9289aea24a3aa8a22
Vyvy-vi/TearDrops,16c897deafb5df245c3e8583ccac27ca2cb0fb37
Vyvy-vi/TearDrops,6d4bdb655bb0057136b9d454fd9b55f00821eadc
Vyvy-vi/TearDrops,9acecace5307a2241e7a5cbcd7191d556ef28198
Vyvy-vi/TearDrops,e1f3d0d0b9bef38c0306c37c6e13de34e9720683
Vyvy-vi/TearDrops,f14f8db0762316e3365ebf2404841208dd416a07
Vyvy-vi/TearDrops,237cc00485ef258a1e63c037c83418da3957c871
Vyvy-vi/TearDrops,5c9d0c3c57b92c1368db852519763d2e520a494b
Vyvy-vi/TearDrops,d2157bcf6df910359af771d1b1b706faa150b643
Vyvy-vi/TearDrops,0ec9699c796230705f62e0591f4c386aa287f0c4
Vyvy-vi/TearDrops,9712e58c6d4ee3239461559b9892f34eaab5b479
deepmind/pysc2,b21d365c0a169518c63219156c667a4ac7f26c18
deepmind/pysc2,7a04e74effc88d3e2fe0e4562c99a18d06a099b2
deepmind/pysc2,1e66d0a52dbabb3ddb2134c894f5e389bc6e30ba
deepmind/pysc2,518c6a3561577356d9673c5fc47bd984ebebed3d
deepmind/pysc2,63fbc917dcf0e95754062900a1e9b32a0233dedf
deepmind/pysc2,e1f8eac7c70e1faf4474ebda0b9fec13633f3333
deepmind/pysc2,68578b4e1138dfe1035f4d86228044694cd9c6b1
deepmind/pysc2,71ecc7c62af90d165eacd143bc7ff789a426eaeb
deepmind/pysc2,21c44008d379269e0caa7479f7ebab82d553ea04
llazzaro/django-scheduler,d9f47806f8bf858b4188ee34514b749c66cc0ebf
llazzaro/django-scheduler,db44bf228c655edea94733471312e060e3cf754f
llazzaro/django-scheduler,93368257c345b61a7c65d34bb9ace93aa2712b69
llazzaro/django-scheduler,9f8c813d5ad631aa9d08d399f18a9a8a0231e238
llazzaro/django-scheduler,bae80e24e57a4f2ffb4c11bc62e026ed7b861287
llazzaro/django-scheduler,f8f235598b65a4bf3b673c82537d4a825a020280
llazzaro/django-scheduler,bdfffe32e043f9e8df4e6e405a09a703aed7ee7d
llazzaro/django-scheduler,cd1cf470b5529d4161483bf37b789147e63b6f11
llazzaro/django-scheduler,3f1049248204fde915cdb96b257514d8e5edce33
llazzaro/django-scheduler,849a112f1bce011965661c10a8ae06b0cf39de83
llazzaro/django-scheduler,8e004edf77a16b002e1cb641a215f6bc4cb358fe
CLARIN-PL/Liner2,a39eed29530bb543ef5c2f9f0b3b3754123abdcb
CLARIN-PL/Liner2,62c5dbb7223543383efc05a85bc806830d9a8f0c
CLARIN-PL/Liner2,81452f5ac5e1a27457b626e03c03dd1db88848de
CLARIN-PL/Liner2,34bccb5a5da8915030b74b4d711cf31d15a08ba0
CLARIN-PL/Liner2,3931802e11d5adce1bd096a94d7d2b69458f2e17
CLARIN-PL/Liner2,aa60414c6accbc6a60e0806da84812f6a1554bf4
CLARIN-PL/Liner2,6db51fa97deaa955ce5ddc6e0f42d4366c94a1e9
CLARIN-PL/Liner2,bd774b9876d346209f4ec5f457f0005a578c61b1
CLARIN-PL/Liner2,cc206eb05716b13bfe698eb79063a4be3814033a
CLARIN-PL/Liner2,894fe9a13e72eec37cd02dab42bf10b33233cd80
CLARIN-PL/Liner2,e2b1d75f692dd89936b27cb160dcbc10aa53f056
CLARIN-PL/Liner2,aeb54a5f8ef6ebc0e02089d1fdbfae542f8a0abb
CLARIN-PL/Liner2,7a1e3bfba7b14d30c13b7b11df08cad6975b2a16
CLARIN-PL/Liner2,61e5b685f17652cab4f35ee394b4f7b5f12accf2
ctuning/ck-autotuning,e80a432886b52003eb00944369a5fdd1d54a5ba3
ctuning/ck-autotuning,8b38ac0fff78ba75daafc3f92755c815abce3085
ctuning/ck-autotuning,d5b154bdb2ae3ec866bad1242137d695816fe8e1
ctuning/ck-autotuning,082221d15f33236f10f9f343be022b2d28535c7d
ctuning/ck-autotuning,5b430c2fd6b013c7da6febff1d0d947661441946
ctuning/ck-autotuning,ede1bf8fe0b743a4199337bfdadd00538340708e
ctuning/ck-autotuning,42545cf38883680907c3e6366f41964094ab14c6
ctuning/ck-autotuning,341bb4f789ec65df66fae50d4f997e750b6df963
ctuning/ck-autotuning,e0638dff610baab4260142daade41c128636ea9b
ctuning/ck-autotuning,10d0bcde47a37a551927d226a44e55017335984f
ctuning/ck-autotuning,8216e62722b9d876d246052b263ab72e8a381a13
ctuning/ck-autotuning,d2b9da3646bd6a3407762edbda71e1e17f1cbcc4
ctuning/ck-autotuning,2e676f2076c1a5d39f66ce05fe28bb74f502efdd
killbill/killbill-client-java,6b777526744af9556e57e1431e233f1a406e91c4
killbill/killbill-client-java,cac17d3eb76e8150afffb11bdae819bd6c94f24d
killbill/killbill-client-java,5b72b9c0017bb555300dbcf9fda8dc6868e18c4c
killbill/killbill-client-java,682e5692b898897fa7013d23475e3187ab4f486c
killbill/killbill-client-java,725d51229c607bac5dcd46e5f459d0f88956302c
killbill/killbill-client-java,74aa69ec74c5cd1674d0973e631b463cf5ba953a
killbill/killbill-client-java,1eba4e66cd35bf07e5764371ec5a5f4e652bafbd
killbill/killbill-client-java,8bb19e7cb3c9608cc999dde8d91f01d37d621975
killbill/killbill-client-java,e50d7554029444c464fb7c871ff28ea95fa0cc81
Esri/arcgis-runtime-samples-java,9247561e00073cea485337234baa039191fc45a5
Esri/arcgis-runtime-samples-java,21414ba312a972a3d1a041e2bcd9c3c944b901e5
Esri/arcgis-runtime-samples-java,076ae598677abed5c9731a6f56eda60384611079
Esri/arcgis-runtime-samples-java,15d4237f079633d66aac84cbe7921c236d1459c5
Esri/arcgis-runtime-samples-java,654a6faac7587615948b514055d3065f0eceab01
Esri/arcgis-runtime-samples-java,e4adbdee10b08297f338969bfa0497852758527c
Esri/arcgis-runtime-samples-java,88c5137333a0ee9f99a375e4b0b698eab71787ca
Esri/arcgis-runtime-samples-java,9e79f7fef628738f5f73fb6b8b4c47ae5b68b64c
Esri/arcgis-runtime-samples-java,61c61a5bb35549c2c215003d8c9cfed36bb7aa86
Esri/arcgis-runtime-samples-java,1c5fa6ca47f41c33c3ec5886906eff99f3cf20f2
Esri/arcgis-runtime-samples-java,22b958533cd48c1531df0345daa9aebcad60ee22
Esri/arcgis-runtime-samples-java,9b611cf5ed977b5c7b33a275d6c06a19838e7b38
Esri/arcgis-runtime-samples-java,79db820fdf1c1f7a7ea8ec2b8b29aaed2a045eb6
Esri/arcgis-runtime-samples-java,634b6381fecd398613d5763a8dae3ec9bf17bf56
Niestrat99/AT-Rewritten,0ffcdc7b73d92e7bbc73e97c0ed31c4be0718fa7
Niestrat99/AT-Rewritten,eb195bfc583dc1fa4825dc812ce5df308f5144f6
Niestrat99/AT-Rewritten,9a7be5e6b0c001e6171f7f194deb1acf4d52ac93
Niestrat99/AT-Rewritten,c1e792f242470dec71b5e959778facce5fb6e591
Niestrat99/AT-Rewritten,9a170e4cc8677a7d0fadb3f9fda70c6481411a39
Niestrat99/AT-Rewritten,098f789bbe7a9f7c5dbfe8b57411b7bdcc3fceae
Niestrat99/AT-Rewritten,927d4b20aff1659cfe20aa11f410c1dac443a001
Niestrat99/AT-Rewritten,62e728f2827ee3100eb43a96efb33c65f4c57507
Niestrat99/AT-Rewritten,b0319a31befcdfd21841e5c83701c061f3c4352f
Niestrat99/AT-Rewritten,fa4b5bfdc5d7d8a7aae9068156b7df4afe3759b1
Niestrat99/AT-Rewritten,18ae9ef87759f192b85a263b103ac576b2d94260
Niestrat99/AT-Rewritten,b911bfa5e629b8b1770029ec3eceb3e4f5387a9d
eivindveg/HotSUploader,9528e00b1551dc5c5361bc868e8eff628a303c61
eivindveg/HotSUploader,886488d909dd5f44550bf19c91fc761c4df9a37a
eivindveg/HotSUploader,4562ef5b0d6035b000ca7d8b88c4f3e17867e4b9
eivindveg/HotSUploader,d98357b613506f0a9d4da109520086a68af2abc6
eivindveg/HotSUploader,35de6c270bd3e5f39e811e8b34be7a589ec63a17
eivindveg/HotSUploader,e4faedcd2f976d3a3f05530844aaec9d0e11c99d
eivindveg/HotSUploader,1454c68f398c1c42d88dd411cca09b077aa565ff
eivindveg/HotSUploader,c6f7557ec9ded6c169db38cd837c6e418a9dba91
eivindveg/HotSUploader,0c7e25e92ff8d8fb7384ac1056baa506340fb10a
eivindveg/HotSUploader,c29bbad31a8422f2b113b39afe2f6923cc61d501
eivindveg/HotSUploader,f4da38796b46e653585bef36b7f93af7f40c07f1
eivindveg/HotSUploader,a9425cbaa59f8d4a1573867b2f36b6375874a25c
eivindveg/HotSUploader,413d52245b1e6ced7dc6146a8f873d63582c6ecc
OpenNMS/alec,2f2016273c606bf0e36480be2b63e171c0074b11
OpenNMS/alec,172a2dadf5036522328bb62bba656e78ca82dbb5
OpenNMS/alec,10f8da7798a41df8241797df7448d57a79a1402f
OpenNMS/alec,45698b869eb7030dfabfe047d7ce3bd107d816d9
OpenNMS/alec,21dc2b850b873450f65285f17c9d92a61900b359
OpenNMS/alec,dfe0aa6c423d7a80d3e064bb1994e6caf1e79b25
OpenNMS/alec,732bb1a6331c437f5386100ea2f0dcc2c0969cdc
OpenNMS/alec,d17bdbaded44c3ee0d29320cfd850183b74d0461
OpenNMS/alec,4bd21ec02fbcd8503f47c58e72e592625bac6ef9
OpenNMS/alec,5bf3c23315866f1b2eb69de7daa5dddc3b560493
mandiant/capa,add3537447c0e7a5953e063c97f016817cb97fb9
mandiant/capa,e14af6a30ae190cbf8e995b30f7aaa70411f6f98
mandiant/capa,60f072f0255ee86c1f7e1191b8e20895a4e7e70b
mandiant/capa,0bc5e4a4f93def08a0771edc4715beb458bb02a9
mandiant/capa,86bf376b19d99c631ed8856742a89b15f688f1b7
mandiant/capa,be919dcb8d6ace3be884a9da80b71a99e8a96703
mandiant/capa,862d74029227825a6a3f12e631c330d6880830b6
mandiant/capa,cc2929ca8a64c90599db92953809dbd4cae0db1e
mandiant/capa,9b873aeba75945464769f3c01a5c7168605aee04
mandiant/capa,7846ffa81890c27bfce66cdd6f9ee3ed8a50936e
mandiant/capa,c3ba6a90252a83d2bd343d98ac517f3e4d106896
mandiant/capa,8de69c639aab22053d8ca6a975af86e92fbc1a02
ankraft/ACME-oneM2M-CSE,0df639d0854f96f710d30933313d016c94cc5728
ankraft/ACME-oneM2M-CSE,358ef0a67897f1639a58f7d050ecfe010f63af2c
ankraft/ACME-oneM2M-CSE,da55fff0314c1f2d211315de00c4ef4e7ee23c58
ankraft/ACME-oneM2M-CSE,b329831f0228a02c88a45753fd09230086fe198d
ankraft/ACME-oneM2M-CSE,bddbcdc479c7c34132b0094e1249f221fab50b95
ankraft/ACME-oneM2M-CSE,7ff76b579a2d283552355d954d6667c3f09ace03
ankraft/ACME-oneM2M-CSE,d92e9798fea1bf40b2bf95f57a7761e188dd2777
ankraft/ACME-oneM2M-CSE,c5dc0f95956b3efba1cec5538e7b0853146b0676
ankraft/ACME-oneM2M-CSE,6007e776d555d49064e3b9ab1bfd9d3abcf1ec08
ankraft/ACME-oneM2M-CSE,6059058096be0619dfebb06991960a53db7cd490
ankraft/ACME-oneM2M-CSE,933bcca028cf12b89ca93b32703edb0eee9e17b4
ankraft/ACME-oneM2M-CSE,70ec1ef8661cf9a1e6d149ccf044521606587ed9
gilch/hissp,495a1590f370ad458e4bf1de148d0b632ed41f1d
gilch/hissp,b5b105ae33a15a8cad92524be7ace469330b0816
gilch/hissp,c4084774b7a9ee9ee0ec2395a9c132638cc32177
gilch/hissp,1b59054e36b01b54c7385258537c38a222de7b63
gilch/hissp,9b5b82373270215c38dd2120ab5d39efcbc04cf4
gilch/hissp,ae5d0185bd1da60624b63e7dfec8b6f3b98a1d78
gilch/hissp,9bd804d6cf049ca6c331b030c40e6e0e4c83ad20
gilch/hissp,9a58544159229f45932bad159a699c857ac4bdfe
gilch/hissp,9dec81c36f0e5abb723fb95076af0322748f896e
gilch/hissp,8863fe9d7e5eb8092636fc22c88e4895af609c27
gilch/hissp,753957279ea738b9f84bfbed9dca4b7381cf3a31
gilch/hissp,354bcaadf6cc348addc799db115a3fc6bff8f901
gilch/hissp,b8488b52ded561793a81c7738b88be063a32e1ba
flyve-mdm/android-mdm-agent,f29992419bb3a5aa49a657d5fadb327863900158
flyve-mdm/android-mdm-agent,cd40eae0b3bccc7eab7ce38174422c8c548d5466
flyve-mdm/android-mdm-agent,16965c61d993fafe7fa7144c9b3991234773f365
flyve-mdm/android-mdm-agent,28c3909948ddc9bfbdca2e17dd126b4b91fef18b
flyve-mdm/android-mdm-agent,31ec2ae563087e740cc6ce9c730f20da44af3fd0
flyve-mdm/android-mdm-agent,3a552da243dda3720d62961d6271c955c40b9e7e
flyve-mdm/android-mdm-agent,d44db6d3171ecc3fe03ff352a15d70eb8c991ae9
flyve-mdm/android-mdm-agent,9d189dc3d5c1eebf0803c64460d47734a032851b
flyve-mdm/android-mdm-agent,941286f0c17719312c0a1f539dcf8fbf870a86b0
neo4j/cypher-shell,4b35a66b4fd27b5643650352c1c9f6b07a1965aa
neo4j/cypher-shell,4d09507f2a270e1741c15d150b1f79ef79d70878
neo4j/cypher-shell,dce22ba4efda9610399743677786cca6f09eb63d
neo4j/cypher-shell,4124095e786c4d07c49fc85fa87021a21ea0b63c
neo4j/cypher-shell,603f599c680bc74ccea11081d034acf3c465a0d2
neo4j/cypher-shell,53809ff2a2bfa4aa58c420aa17e56368b4c59af2
neo4j/cypher-shell,ec748eaf4c866feae93e5f7b38009252523fd16c
neo4j/cypher-shell,989008a2e1e233056bd77c6abd0dd81269c18013
neo4j/cypher-shell,fa1d631e710d9d748974937e07a17c317916eb94
neo4j/cypher-shell,05c367ed2d3505e7f57ec6b181cc0a772f0d3ad5
neo4j/cypher-shell,888bdfedf97a5650b8eead5c36491c43f4a52f9b
neo4j/cypher-shell,73189f30b14217d39c50d03c15e2004678782d0c
neo4j/cypher-shell,2661e7ee570a0ba8751589697fb9a49e4387dc79
neo4j/cypher-shell,e719764b62ed41d624b91de7c12fb184373614d4
pik-software/django-service-boilerplate,543e56cda3f8ed3d0f06d87c66100cf0aa74471f
pik-software/django-service-boilerplate,490d55ae1586835850d833b2a41a5643df9d719d
pik-software/django-service-boilerplate,7bebb96faf191e035cd394b975c0af2b8df94709
pik-software/django-service-boilerplate,d2ad56206529efb689b077c3cc28c1c6a3786a13
pik-software/django-service-boilerplate,521d0353f5ca2579d462435d6c5c6b472a29bc34
pik-software/django-service-boilerplate,9c79e6357b88f2cdf74135f571d759527cb1ac74
pik-software/django-service-boilerplate,40a345057c8621b28609bf4273d5f7a1eca3f6e8
pik-software/django-service-boilerplate,a855a6b98d6bba544f812d1ddb0c3c01893e67cd
pik-software/django-service-boilerplate,eabcc4d2de63735d4f0374236bbe787f99d0c1ad
pik-software/django-service-boilerplate,e770decded8d7e26721b05094e33dba336021061
pik-software/django-service-boilerplate,4a85f7d0bbb990eb9c421c99007d8cf907535873
pik-software/django-service-boilerplate,cb41cc5e41a79728d91045d32fecd3e1e2cc596f
datamill-co/target-postgres,d7b068fb5e173b3d70fd470a1c74e037508c078e
datamill-co/target-postgres,1d7ea48d0d1d8a9d925028accffe493204fb2d54
datamill-co/target-postgres,f40c0203a3da265e02226dcf143f5acc31bb629f
datamill-co/target-postgres,67b9c948a710d9a5c39b204a4ed455a55f8e7744
datamill-co/target-postgres,6058803b4035817f672dac9316ebd3cfabcedfc7
datamill-co/target-postgres,5b9953afeb50e729d542f773b3ac3ba6963d4a78
datamill-co/target-postgres,b21bc129b18c2aa6143d4a1766420c0dafc3bbf2
datamill-co/target-postgres,3c15836e682a63fce09b6bf62c04c6b88841407e
datamill-co/target-postgres,1034b384cf4ab2ff00681dab97b2dbc8b7ba80a3
datamill-co/target-postgres,b3f9e8f9b1846ad84e67dc3cb596f18d3207efc0
datamill-co/target-postgres,c5a2944ba2faa18cb9074475827f12e3b3e34340
datamill-co/target-postgres,aac8d50ce024815eb9c0a5338168c41d2b931672
DragonMinded/netboot,fcc0c8c2eea332ad435f77de9d5ee6dd722958df
DragonMinded/netboot,a35f098fd0e1e69c976f35674e06d7b37a32b4ef
DragonMinded/netboot,2a9c9edf289bc093173561edcd94fa15e0197a96
DragonMinded/netboot,ce5f3778ab4063e683d29cbd353aac5930b0e414
DragonMinded/netboot,9705f28a5c7064b8a07fa483700dfd11b8a263f6
DragonMinded/netboot,9da6f6318d35c779124b3c7b9a8f05f324c64cda
DragonMinded/netboot,f996142547fac76e96c2caaaabcf1e75153f56a2
DragonMinded/netboot,19216b1ca2164f2a2ec832a87be89cbf7035099d
DragonMinded/netboot,cb0728d7e9afa9ac204d6d637f901685415fdc52
mjeanroy/junit-servers,464049d26d16f08298c007a09aa671b7c9fff24b
mjeanroy/junit-servers,5233200da8e080b3c368818907ea2fc1de9660ca
mjeanroy/junit-servers,838bce70c7afbc969cff2850c50af89105425465
mjeanroy/junit-servers,6a9015ef17d3304e1f3a1a10e70a55670650ff46
mjeanroy/junit-servers,bfdb00ba851f9335a314a3aeb300788681e40d65
mjeanroy/junit-servers,ad9067c37ac61199777f28f94176ec89537d480a
mjeanroy/junit-servers,ae9371f84cc467bc1c9a3f8c174bf46af2786ac2
mjeanroy/junit-servers,e4c530faca64a2d35f84a5555110493c2ced5c2d
mjeanroy/junit-servers,9899f3a2bd97615f3eab6bbce2a3085ae5212c42
mjeanroy/junit-servers,55b178ddaaef0f6cdefa3226a92b4dbd3249882e
zeromq/jeromq,430ab6a9d697cff39a11bb991b1f9b30928f749f
zeromq/jeromq,ec56572a711348cdefbdcceac97ba05c3e42aaca
zeromq/jeromq,e772e53a2c235bc8c6dd1098979e233daaa374d5
zeromq/jeromq,34759d19da8a8388426c0b61f7ef6f559069fe78
zeromq/jeromq,d318e76c213f0af435fa5d3d22efe303ed7bab39
zeromq/jeromq,eda8758b7a7b6ad96c30678c8dbb6242ba11c7e1
zeromq/jeromq,fd532e51339287c7375797ff98c1979a70671dfd
zeromq/jeromq,2f2899388e9c3e80038d3f60d6bfa18054f0c954
zeromq/jeromq,274b081c6884d04bb6854ecef3ab348bdc151cc8
zeromq/jeromq,13dee33117f9d28deb518c66b4fe66fff3d184bb
bcgsc/physlr,ebda05aa26524d0d5768c838cd27b437743c7b92
bcgsc/physlr,15340ff332e48c7dd1a1522126b83f56637dba03
bcgsc/physlr,058bb481edf02b7e5ac01b7f5d5576466b01a9cc
bcgsc/physlr,28e397541748f123fcf9fbc11e6761d0a7e347eb
bcgsc/physlr,7e7cc3ec5f5280ebc3c74366940cc78250d52f26
bcgsc/physlr,6d4955cebfd104479aafd19a98fbaa50c4918c21
bcgsc/physlr,e7a995f32ac3684bcc1f403020c1628415e1ead0
bcgsc/physlr,678ed0dc8a861e4e61920d0e502314356fb788be
bcgsc/physlr,2dbdbde2f8a9a2a5c73904b69ceba18bdbbfa051
bcgsc/physlr,4d32a9924df024b6e69937fb2d4cec781168e243
ConsenSysMesh/cava,71558157f2e4f028c52979eff88eac21409ff184
ConsenSysMesh/cava,ce2aa38e358c8151d502114c94adffda688fa05e
ConsenSysMesh/cava,512b0b66fe23ac4dd192f0fff5e211f79a5c41a5
ConsenSysMesh/cava,db746428115c49f96d58a22be4af0e44874ba374
ConsenSysMesh/cava,c245f42a99bebba7fb59077e02498d6be88a0575
ConsenSysMesh/cava,0b2c0fc4534e6facbfaf1c0cfa63b3cae4cfa38e
ConsenSysMesh/cava,02e585ea39bd77e58f96b0b7100ffc08e3eac789
ConsenSysMesh/cava,770038beb43195e9879197051d15183d153de7cd
ConsenSysMesh/cava,622909c6eae98e18248fafe6e3c8240db186861a
ConsenSysMesh/cava,50120059924430c30ce39bb47274fb86f2098f81
EMResearch/EMB,a315d5c49f0d24239b2e72598344222f06b29011
EMResearch/EMB,c14795b7fef20ec92d7531966e6024b45d54a7c2
EMResearch/EMB,801b516a1b5ed1391092333f8ee8be002ae3c9fa
EMResearch/EMB,6eba22c4eaf6b64e568c002ab21c3a9fc10dd51d
EMResearch/EMB,788a9c22ad639675f0f995721bcfa75dacf12971
EMResearch/EMB,2a2ac08bcdc71d9ba2e74bd7746cd821d5960d08
EMResearch/EMB,9407d414aab6debe11d7a9748f5619ac51195c85
EMResearch/EMB,ab9dec2b13ce3edca807ea229e9843c4c6d4031c
EMResearch/EMB,642d0f7aae89112bba207c48b61e440f922d3682
EMResearch/EMB,25a4c260f5e70e06a608e9269008934f151a93aa
EMResearch/EMB,139c13ce4511f00d3d87f2de5f1dc6c7665445d2
EMResearch/EMB,a985c7faa920f5f43a560d1d4fb2dd59c6af4499
EMResearch/EMB,87c4bedd4982e85f02d2b753338d3797cf5e7938
EMResearch/EMB,aab65d159eae35664483929755be7045e3f382a5
eclipse-esmf/esmf-sdk,83d9ccad73c1b85ea8a1d28f001108c291c5c151
eclipse-esmf/esmf-sdk,4ba38e639d0490aee9de851481b05c7a24f25f9e
eclipse-esmf/esmf-sdk,7c0c8243daa0e64621bdbaac97fb7fdfe27a693f
eclipse-esmf/esmf-sdk,0ab15bd93f3c485e28601e35900117e8e0cca97e
eclipse-esmf/esmf-sdk,fda950a32b129600987d383fb6dff57734456bbf
eclipse-esmf/esmf-sdk,616fd7e56374e07616549a88020686fef64bb904
eclipse-esmf/esmf-sdk,eeda84919164fdd7dc2a991f2dca05517b03d548
eclipse-esmf/esmf-sdk,0d58d557b52aa10904fe4428eab7d4a6d9ce44f7
eclipse-esmf/esmf-sdk,3eaab6887e3517998043e58b8c43f6a9a19cd9dc
eclipse-esmf/esmf-sdk,1a749edcb84806eaab6f52df93f9091c96b7141d
internetarchive/fatcat,9dcebe3a0dd8cb2a4a31de29b757e9950a2399b4
internetarchive/fatcat,acfb1fadb5ed51ba5fe6c217c9b15def72f9bb02
internetarchive/fatcat,d66fed95534d7a443e2cf84e9290d0c9bdf72311
internetarchive/fatcat,d07b0240d9ddc824694a94da594186380d4d7f44
internetarchive/fatcat,c1cdda4cf4c714f92b5fd7676e44ab5a92e637a9
internetarchive/fatcat,8bd35d2b452cef9d4537e2b84180aad0f43347ac
internetarchive/fatcat,a65dfc914517376b5ededb82e594236c5d61c721
internetarchive/fatcat,95bcef522ba3cdb32fc60078caec38855506c814
internetarchive/fatcat,b347264c4e69a0d475994074befe94ab103693f5
anish-lakkapragada/SeaLion,bf4967bd307fdf4c73b36c44a7414ccd6a976fad
anish-lakkapragada/SeaLion,1d53ea9e5ec726eb296eabfa06b9f1fe62e25236
anish-lakkapragada/SeaLion,40ee9cd7a83870f464de579df329b82c8714dce3
anish-lakkapragada/SeaLion,6b9c358c0767843d6ee9f960bd87199d5daa1aff
anish-lakkapragada/SeaLion,6e4f8a2629e77bdf811b221167ac83da02bbaebc
anish-lakkapragada/SeaLion,93fa46596c8580c65dae969a242cb2f5c5c8d1c7
anish-lakkapragada/SeaLion,f9bc7256aa068f44d4b863f750e8e64b85c1a02a
anish-lakkapragada/SeaLion,f8bb55cc26ac59a95b36ebc50565922de66349d7
anish-lakkapragada/SeaLion,77cec7310a1eb1db478743f81ba4385c76f82c63
anish-lakkapragada/SeaLion,71fd46f502d38191f730234951ae27c32ec76673
anish-lakkapragada/SeaLion,c044432e1aebbb56a0c2df94ccb1fc5b2e0c1802
urschrei/pyzotero,947fa180f4abd779fb173af3859fbee2011b996e
urschrei/pyzotero,436c58b01f2422ae4f017df5fe07f2038d001a88
urschrei/pyzotero,7472594859837794f80263333a96194c949caec3
urschrei/pyzotero,8df389d33248bac2b95b859c7a07245d9dccd5e5
urschrei/pyzotero,6cd2efba69469e90ca129ec8ec13fc6bdac50c6f
urschrei/pyzotero,ef28e972c8d59dfdf52595d048c846a746f092ae
urschrei/pyzotero,b803bfc29738e5556cf7b440b80ac784cec4ea7c
urschrei/pyzotero,3a3030e1e30e0df16df6a2186f96ac9f4a718a81
urschrei/pyzotero,19c0d891d366a495706cb3c28d0c02dec14dc7f6
VDIGPKU/CBNetV2,49a288f7cc56b4ae777cddd51dd0cd453277721c
VDIGPKU/CBNetV2,0ccd4c5225e217b9aa8a95473d03a244003321c0
VDIGPKU/CBNetV2,24e84170ee73caa15daff935d16cdcbd22ff3da8
VDIGPKU/CBNetV2,78ac64b493779ab0ec5d0d1dbec5079025199762
VDIGPKU/CBNetV2,2e3f90cb39b99007783a46bb96dc419198bcc4c8
VDIGPKU/CBNetV2,8753583e4fa50277bde4ba0f666f337a1387b864
VDIGPKU/CBNetV2,bd3306f5575908fd90a783bcb1bfc8c55d361423
VDIGPKU/CBNetV2,af7deffe69d1e3c16f52471765b947991b80964f
VDIGPKU/CBNetV2,455a0b8dbfdede7ca53597155a7ae063f9bef6e1
VDIGPKU/CBNetV2,0ba73cf45e817652b749f5bb6efa3b98e9dc55f9
VDIGPKU/CBNetV2,bc42d20e1693dc251e8f5c6e5c7d234c244a4086
tmbo/questionary,5c191265b29e121cd7c42b33ac119db2f9675cbf
tmbo/questionary,e3c7ff9566f5da139f15cf733974389e5a3c076b
tmbo/questionary,adc0fc17342ff64d6c8f75e47c26bdf25d4248c4
tmbo/questionary,b139894bb74e744829320a12054000a4cfa990fd
tmbo/questionary,71062eff7ea0ff4a3701d0aa4e3c9a9b6037cfdb
tmbo/questionary,6d91dc87e44c88f7e86174273cb92afce7da9e28
tmbo/questionary,6bd8e355e280db6998eb86bab04249218466a1f6
tmbo/questionary,d9368b1a073600af3b3dcfdd4d34c7f88ee3308e
tmbo/questionary,4f15cba6bc6ab0864e45354ccba0e302437cdd05
tmbo/questionary,00a68bb425a4dcddf383e8d9f0f10a9b6c372bad
tmbo/questionary,71158f4173bbbd362d912a894a7adceeaa26ae23
tmbo/questionary,27fc4af23cccd78362caf08478f2221ca24920a3
ocelot-collab/ocelot,645388d97d344903a9ef3c8ad1e8db26969a6cbf
ocelot-collab/ocelot,a82d1af57f736455745121dcda92220037751250
ocelot-collab/ocelot,d2561da74c031ee702bd5945a7583622c4c19364
ocelot-collab/ocelot,22d6642bafba7269f27c75a74ef3794aeb811806
ocelot-collab/ocelot,6795e7ea3bddf2c53ce4693348e9e37f7d06624a
ocelot-collab/ocelot,9faccf2664309a345e517a5bb8744db7877b259f
ocelot-collab/ocelot,8e837d866819d12011431d92a3ad734e0eb76e07
ocelot-collab/ocelot,edf8ebe3d1145cd7dde3f33e641ffe15e9376cbe
ocelot-collab/ocelot,9f0f10ade49ae09e863f2879896bd49513240510
ocelot-collab/ocelot,eaed1c98f34b70f3d454a360b7fdd6e4830c68e6
ocelot-collab/ocelot,ffb5452411ff1b22cc096681cc3a11c67fdf8d1b
ocelot-collab/ocelot,5fdbcddcb7c287242e43283bdc08b60487a25286
ocelot-collab/ocelot,79cf636a7f1eec7ce60fca9268275697e3d83c4d
clij/clij2,59a4450869ccd0e048cdde76608787c6c6e65bbb
clij/clij2,fbcaea8d0ecbbdf8979aae9acc3d8b98d1e8bf55
clij/clij2,2a310faf8fcf103ae29fe687d13c932b394285fd
clij/clij2,cc02f96a2e32c2bf31e933a36162349bc4f1e224
clij/clij2,56a0d827c8a4fbfd7b9d0b645c2d7870b45195bd
clij/clij2,0fe7861aa77b95aa3625d4551269b91817db5fc1
clij/clij2,963735e061403aed30d990ebfa55091bc298f08b
clij/clij2,9dd68f29952739f8ce6c40299e47356ea6ed02a5
clij/clij2,34f927960b1a6aa327e50098ea5383157fa92339
clij/clij2,9df32c52b9739866cc6868d82bc538a52f548399
clij/clij2,0d58db286300df17a27a105e17d41454b10d95ce
databand-ai/dbnd,d346261bd31e2ef80c4cbc1d8706856fee3b32b8
databand-ai/dbnd,7424005eb2c9d2cbfc1004e57cefe835cb22def2
databand-ai/dbnd,085b8b2b6a910f907a3bf695f6a48840b0586773
databand-ai/dbnd,65b94d022f5abafdfff239dbe3865681955bb592
databand-ai/dbnd,65fb8e4409e7da17704ae51a163f781bb748bd15
databand-ai/dbnd,b9e4bc1872db71e7b4e8b51e4b143242f875cfec
databand-ai/dbnd,cd239a882740a8fdf2ac7d1bc0b41997a2d302a9
databand-ai/dbnd,a9e411da1d8857514be01fc3085cd0f9e3fc2e55
databand-ai/dbnd,38413d9d8bc0f5b83a02125451c8e7446a698ce6
qctrl/python-open-controls,c93725a4c38113d41be81e1aaf77549d6f6c3306
qctrl/python-open-controls,d680520a63fce071945bd06e8f38c9dcc88ea9b3
qctrl/python-open-controls,a04dd0f1acdfcf1128866958e5e7359253be0c86
qctrl/python-open-controls,2cbc5480a70e23c1b905bc1962be49d1e20b4d51
qctrl/python-open-controls,e991cfc79c76fd4cbfc5218011934f619a57c1b1
qctrl/python-open-controls,fe5bd9921fa396e0291c3352309d71d722597842
qctrl/python-open-controls,8d0b300605bf6ffa35659dce2450b23d9df051d6
qctrl/python-open-controls,11a5026485698eb4e822f4204d9e0306e1b7a51c
qctrl/python-open-controls,5721eae5633ad313b900d5f9ccab5badd9cd2b32
qctrl/python-open-controls,47ff705cac01f6b5f402d2f5ecc93319d60e9651
qctrl/python-open-controls,66322e2a68c1acbd1b6d8c29eb4c01e7d5ee2c75
qctrl/python-open-controls,d99d56f87cea88c8263deac7e022ce41e77eeb10
kantek/kantek,f6fc4be8ae97d0371acdbfd889013536c65ce74b
kantek/kantek,55bd53621d5425bc30b2589879025aae78ed8874
kantek/kantek,258861d1fc05d9e4d73e17c6306ad3132f0988cd
kantek/kantek,d1a0d9544161fd5842ac1aa4892754a0ce88f774
kantek/kantek,22813a05172f68a60733b3a804c125adfdb57f9a
kantek/kantek,fbea50bf138583ca7a6b9318ff028d6bb81018a0
kantek/kantek,cf0c3e199681af6c7c188b0b37c128ed338eb103
kantek/kantek,12f8adfaa98c9f032b7b7c84187ae0330aba1910
kantek/kantek,d1bb68ffcccd24a0aa8f55b0a79a820e615560a8
kantek/kantek,e256c721c8dc91edcfb14029c630549cbee1604c
kantek/kantek,4d62c41e42b4126157e9934676f694e9a3ea59c6
kantek/kantek,570faea4653eb9b4b4cc3e663e459d0a33128990
kantek/kantek,7792d5590cb77cc9944acd3d8e8739afb1807f5f
themattinthehatt/behavenet,8f861e398f4e4ca74724c1a535dddab81fc9680d
themattinthehatt/behavenet,508155d1bc37bf99976e3ba4ed732115511a7221
themattinthehatt/behavenet,81c3b42108e4d3be1169718cf62b1d4a2cd27ce8
themattinthehatt/behavenet,a49ea8cfa3211088950a840e36818419eec27170
themattinthehatt/behavenet,eec12d5a79008fece4c51e3d59cf07bedb60c191
themattinthehatt/behavenet,80f18d1af88ae687e7762f08730f36af35419e13
themattinthehatt/behavenet,11636daee95aaf3690cd807401ff78f4ba126ad6
themattinthehatt/behavenet,20e17b2636bf6121456d4eb708bbdf065b88ee35
themattinthehatt/behavenet,28bf08d4cf649957abbbd2ab9eb592cddbdfca72
themattinthehatt/behavenet,6790d1dac4d6a15b2fe8830d0368f22546c4d41b
themattinthehatt/behavenet,87fdabba324c9607f1352c033f622419686d981c
themattinthehatt/behavenet,52d6d1b108ea6922c25544bf5c6843477e647b80
themattinthehatt/behavenet,f211928ce1439e8f13436ff5e9c6849eed82b0ac
themattinthehatt/behavenet,f09bc448aba459f83df5f510ddd3bc6660081470
trakt/Plex-Trakt-Scrobbler,5638c60bfccfee87dd65ae95d592c3ea8951d56a
trakt/Plex-Trakt-Scrobbler,6de4ecfd92dd176e3ee123deeeb4de8900818adb
trakt/Plex-Trakt-Scrobbler,d951e74c5e74dde2f9caefb8be6d059fc1acddd0
trakt/Plex-Trakt-Scrobbler,d757104790c55156928fa8b3f9abe5130b68f391
trakt/Plex-Trakt-Scrobbler,990ba99dee177fc8d0ed7bd258faa4eaaa92d6c4
trakt/Plex-Trakt-Scrobbler,ac22d777418baa49ccf0910c0fec7e99043a6f71
trakt/Plex-Trakt-Scrobbler,84dfa021c914cba4a993543c581a019dd3c2fc3d
trakt/Plex-Trakt-Scrobbler,4f63c8d1d1d479d005923a6df7bbda6f6a80cc42
trakt/Plex-Trakt-Scrobbler,304425b7f72905cc4af17991f87c39cb29852606
trakt/Plex-Trakt-Scrobbler,196f23762e0e46a97cecddf53e3d684cbcc9c06a
trakt/Plex-Trakt-Scrobbler,862fff19982db5a0e9a50113adc1bb073af50528
trakt/Plex-Trakt-Scrobbler,c0b347ffef1c10fe8f8531ea8ad35c9f053aca56
trakt/Plex-Trakt-Scrobbler,06bf6f900a2012c9b68236639d2423cc33a6e378
denpamusic/homeassistant-plum-ecomax,399b241067cdec761824bb225fe514bfbac878eb
denpamusic/homeassistant-plum-ecomax,e604ae767fec911ff88afe3bb04860fbd580f0a9
denpamusic/homeassistant-plum-ecomax,221c956299da87a95480358b24c6e91af5b8cb05
denpamusic/homeassistant-plum-ecomax,da55ac021cbc2a449e29402ae926b953823ec200
denpamusic/homeassistant-plum-ecomax,bbec13dc577c412c672f06f8768d73ca92f83ff3
denpamusic/homeassistant-plum-ecomax,dcf7bd3ff0f4d140c498481e23328d00e1f8d149
denpamusic/homeassistant-plum-ecomax,7a8446c5c58e91ec889069cc5ae66c28dc73fcc1
denpamusic/homeassistant-plum-ecomax,dab4349d5709f27750af8d7e13ba105c47fe9ef5
denpamusic/homeassistant-plum-ecomax,7cb72237ff7210894390ca5b0caf922b2072bc0e
ChrisRBe/PP-P2P-Parser,324532b4dc75957f2577adf8486084e2daf94a4d
ChrisRBe/PP-P2P-Parser,c12fca16e92cbbc3789385ccdc5eaf3cc79c83c2
ChrisRBe/PP-P2P-Parser,362acdca3d5a43ca8babd509ff300ada71947f95
ChrisRBe/PP-P2P-Parser,8d5924fa8b4822ae3740ae2b95aee078927161dd
ChrisRBe/PP-P2P-Parser,c8e489b2edb772c1b8152beed48a4cee1b88d6f2
ChrisRBe/PP-P2P-Parser,0295025cd4c1da52305b6f2e3e0755ab4c0f7148
ChrisRBe/PP-P2P-Parser,ec562e186b3522aa1748b0aaf60f9263bf93a991
ChrisRBe/PP-P2P-Parser,8df1313fa90a9af9f917cafe7d034f829b2b3dff
ChrisRBe/PP-P2P-Parser,688f44267fb18b74a040bf33853b6fce6a0e39be
jordanruthe/KlipperScreen,a2e979f8472b145fb732a838f8155e3dd1807d8b
jordanruthe/KlipperScreen,d2036c13af5dcf9efd58b9411854aae0ea43fe08
jordanruthe/KlipperScreen,9bf714c7bbaad649d774ec0e479be1c1d5577239
jordanruthe/KlipperScreen,00c77151da70d0c356bc366c0c10280f9e977244
jordanruthe/KlipperScreen,9cdc1af14c0cf476e41488c916e25d4875d6458d
jordanruthe/KlipperScreen,498f028c270ad6eefeae4c7da2f24f973969cfb2
jordanruthe/KlipperScreen,2f25ef2040cc1ec92ea4bb4d4e133b10ed593c63
jordanruthe/KlipperScreen,717e4ee90286b4d042880c974bf211c577950500
jordanruthe/KlipperScreen,344df0a8696529e5faa8f726b1922c3bdb7794a3
JDBDT/jdbdt,2462e821e7cdea6c1feeedc8075fea50e5e06f85
JDBDT/jdbdt,fa015bab3a5f86494b87e513a2af0dfafebb9052
JDBDT/jdbdt,c3b81c49b0117a6c12e26143a1be8936d5db50b1
JDBDT/jdbdt,d2933a6f68444bc6e268f9be0f2e49b95a087da0
JDBDT/jdbdt,937de4ee6ae025baf419f292663f614663e20de0
JDBDT/jdbdt,0caf4ddfb79c60070f8d10644bdad1000da67d1f
JDBDT/jdbdt,64219d4fd0d0864cb302a162c55b4f1a4650dc00
JDBDT/jdbdt,1a6ed97f4cff4bf662b73d7d87031c8ca32a67da
JDBDT/jdbdt,5beca3ee9de0af132ad52ffb209f8738440964b7
JDBDT/jdbdt,87f704129a4cdbfa4adae59229421bc0f22169db
JDBDT/jdbdt,bd81ac225afc1340b262768af93d1072b7fbeb23
JDBDT/jdbdt,707ca6035d9748fa3c181fdedb9e574d7ace53b5
aaberg/sql2o,6777d3d5d3aee4fb6947b1d566e1f409718e6d6e
aaberg/sql2o,348da2208f48d9fdca4ad21ce4d9a019139b1d85
aaberg/sql2o,4fd6886e8eeff487da33bdaf23b18bfa466b2346
aaberg/sql2o,dc816c3913f67e6b6e9a53d5b994b22bf4fe9ab2
aaberg/sql2o,96e762eef0ec5ab06c6392b1174b9ef7b04649ef
aaberg/sql2o,b513fdecc7e82df45daedd35ce3ebbbb0ad756b9
aaberg/sql2o,7b8feccaf532d3345a041acb157e21e39064e151
aaberg/sql2o,cf07d55c73928caf716dea842af7466f2122a3fd
aaberg/sql2o,ef3b366f0ac5cf15931cd8ece3baef790534f685
aaberg/sql2o,01d3490a6d2440cf60f973d23508ac4ed57a8e20
aaberg/sql2o,ad90d5959a8c538690e338be07df7a7c5e993bbb
viur-framework/viur-vi,3f27a000013c0b96af9b4d62bfed049bfd6978e3
viur-framework/viur-vi,d4527529dff94278d080755b3675bffc2cde9a35
viur-framework/viur-vi,22e55f2d877a64335c592735ad5a0467b14de46d
viur-framework/viur-vi,d0d9e0b367688527d7e79fd1ed1722b15475862f
viur-framework/viur-vi,3db53c2d6f9eb4b399e452b7a1f5305ef2ab92f0
viur-framework/viur-vi,f5817e0c06f69e80de3361caf02f087e3ffd34d5
viur-framework/viur-vi,0bc5595c308a922c1daff964056ac0b6df93a1ec
viur-framework/viur-vi,da7c85ac639c0b12d96033eb9f631e084743802b
viur-framework/viur-vi,9305c41b9ea285dbbb29c4dd36a9cb17a05ae7f1
viur-framework/viur-vi,4340b454d337553195f538d7a7698578fb91035d
viur-framework/viur-vi,aef6d764834665d8068ac389d101bef0bb300b70
viur-framework/viur-vi,1e2c2f24193ab486803969335175e99965038535
viur-framework/viur-vi,6cca1f9e9fe9b346723abbdf2df802cf48804a45
viur-framework/viur-vi,2de7e35dd21e1099925d9c17d3b294ca0e73b65c
dbolya/yolact,e192780315e9b6ebcbf11fd5498205130711b10a
dbolya/yolact,f9f3e93f6e214313ad2bdc85784609a177f303b9
dbolya/yolact,eda029402730f014c5816bb23f2adb1c54ae094c
dbolya/yolact,297091c4efacbab1b3bd5e16305ac6f8ea6c62e6
dbolya/yolact,d0fb99a610c64440d295b14e8c56ba7f080fce42
dbolya/yolact,743149cbfdb22b91ee8b3243c58e855e4b37d0b0
dbolya/yolact,f263d1be5f7586c41c46c8f6f5deb2b920c66a7a
dbolya/yolact,d6c26ff6e135da1d55feed4ca8cd34c0b5d4b08a
dbolya/yolact,ef56a8d1ed5daf4c8d3973f098180bc9b3b09bcd
dbolya/yolact,33912fb1056fedbbcac8c9cd1b1e357bbb12df7d
dbolya/yolact,117921a0b2a82cf7b2fefca3d0055acaf8e934c1
CPMpy/cpmpy,33278ef3ace9345d520151de04bc440738f63314
CPMpy/cpmpy,3a986d6f856f23b31dffe6afab63eee816193b64
CPMpy/cpmpy,500bee0c11a515614d42381d23b005f38934a6b9
CPMpy/cpmpy,ed6b74451036b7dc0ea1297255af5e17daecd564
CPMpy/cpmpy,1a3a0524b2b3ba28cb70040aa22b0b04bf7e091f
CPMpy/cpmpy,d86082cfa06c99f43dc93fe77674ce9a5d0406c3
CPMpy/cpmpy,8ba14f409e8faef40a2cf29bbda8b1db97b78a3d
CPMpy/cpmpy,fe32a8fe98ced2e1f418eb89f9ab16f05850b107
CPMpy/cpmpy,2c9966aa0f318cf62ff46f8ef3b6b09fa5d9f88f
CPMpy/cpmpy,7fe357b42f055e86d257d13fa5a892f286d99c9b
runelite/plugin-hub,f5db90a8101c49f4a3bccd72be33aef54f6a221e
runelite/plugin-hub,96db07ae08d2961f150fdfffdc13db5ede07e293
runelite/plugin-hub,79e21c05fa0297aed97504fac00851b982fe48ee
runelite/plugin-hub,4585f7a432fcab46d8ea0856025bf0e7e7add20b
runelite/plugin-hub,d888c3dc841c88bda921e9731bbc96b28e20eb44
runelite/plugin-hub,831dd8e0d34d21a49817008ce70d687509360452
runelite/plugin-hub,56b96510ac171b415ebcdb087066abb26b3b9a02
runelite/plugin-hub,531a9a8554fb5bba2103b12b0cf67b35450ced32
runelite/plugin-hub,b9a6f4f5091657559ceb3339cb587aa5f9a7482c
runelite/plugin-hub,de56da440031f7b812aae1776087724e36f36562
runelite/plugin-hub,4158e46652f8f780b6b04e0688fad596569bc319
runelite/plugin-hub,96a5196b059102632d2b5c0b310ff4bf4a262f67
martinlackner/abcvoting,51788fc05e18af56fb3bd82850efb73585df2aba
martinlackner/abcvoting,f6998ae3c1caee6bb3acdeffef96d2d5af30c926
martinlackner/abcvoting,eacce967eead0b469d421acc11478d8c3fd2d772
martinlackner/abcvoting,2fd29bc774c2677702b125bf02eda6e35a3ad228
martinlackner/abcvoting,31a1570e381b5fa06098b25b4c65629e49e23d3c
martinlackner/abcvoting,552a536045a64aceb77fa55292cc5ad7d3d3c322
martinlackner/abcvoting,4944599266c866add15efd8ba361fc183155b08e
martinlackner/abcvoting,53a5b6bde1f4ee3e432a5164376caf38f698389f
martinlackner/abcvoting,33da3b20da2bf8fe38a488250573bdcccda0faac
selcukes/selcukes-java,8cf84fe45898e4bca70c8560477d1f0c1331dd2e
selcukes/selcukes-java,a8391ee1854f62d3c350179d965e219c2273ced3
selcukes/selcukes-java,ed750321b000acc10b94bf9fceb010df9e4ff98b
selcukes/selcukes-java,9693ece600a2f047abbe8e77ed40615417c0ca54
selcukes/selcukes-java,074a065a49d15d9b2ad099960417b596432e5c4e
selcukes/selcukes-java,a8aa810ac7ab5a74661dc075d26646decdc867de
selcukes/selcukes-java,44663dd62f6583f4e0895a45e7241f0cf0632884
selcukes/selcukes-java,eb3d8387681b6faddaec0d04897232ef9416ff8f
selcukes/selcukes-java,040d51e419e47c2c33cbf12694220da6c5b72f35
selcukes/selcukes-java,d2230f9fda4228e4e953b686dccae12009ac9eec
selcukes/selcukes-java,91ddff7527ea3d61ec3139841b4386ad68a68e92
selcukes/selcukes-java,aac72ce4f153f8299cc18b53ae5e99582a61cca1
i2p/i2p.i2p-bote,d5864f6258a0815d5a58d599f884537d19cf0e14
i2p/i2p.i2p-bote,4bb52983be3c569fa44ab48ccd1477326a94f7d0
i2p/i2p.i2p-bote,df7a35934ac285f35a3282cf8fc7eec56205a3f0
i2p/i2p.i2p-bote,27c086a2dc71061ae2846b774486e966bc9ddd30
i2p/i2p.i2p-bote,1ce9c6072e979352cdffebc76961f4762dd8ad26
i2p/i2p.i2p-bote,9c552e0a8a08c74540abaa74bbe316a526556ad5
i2p/i2p.i2p-bote,cf4dfad94681bb24a4f3692ffe0d90082c4ac200
i2p/i2p.i2p-bote,a9ac5b6a0ad15a9e8592fb1ecf88b51627d84083
i2p/i2p.i2p-bote,6b246fb0d7fe0284ca06e34e720a218003e3e6b7
i2p/i2p.i2p-bote,d7157423ae04a0b70708a52d1cf5d3b287d0a7d7
i2p/i2p.i2p-bote,f2c152baf8e192978f24ab39f23c7d73671fdba6
