repo,sha
INRIA/spoon,04ad79ab8f80185bacd738d45b13b6fb8cd008b1
graalvm/sulong,27475af6db2c7de111c1f3e3bd9d4c4b21740f69
AzureAD/azure-activedirectory-library-for-android,5491662c195415da20531a8ed6a00814585334d7
CoLRev-Environment/colrev,60f69c4276ce9bc643b6844aac5201d8216a2324
52North/arctic-sea,926b47d9837eace6ab89f85e5c5e16d989fda945
Deltares/dfm_tools,912e7c2672f4a46d47996ae62a3e5bd147333e50
target/strelka,ffaa60dd5c8579553f28d61f680cf8318feaa416
osmdroid/osmdroid,027875216f1b1cd586a2e5b5a188a725e5c11678
NVIDIA/MinkowskiEngine,8250e5a785a8eea3e2e10c958cb2faeda41e6898
castorini/anserini,ff011f828796fc3a1dfadf76c274af93a59c87db
siegfried415/portia-dashboard,d14a43e6e9f25373815ee37465135eea2d410a4d
neurostuff/NiMARE,b6c25a0b90509d5c1cbde0b550287b7860cafe9e
softmatterlab/DeepTrack2,05ea33f33bce98ce0f4e0f1d2022c5f9dcd578ea
Colin-b/pyxelrest,6a479f4734aa6e9d99e9e8b3c45aee786c1f6d96
NVIDIA/MinkowskiEngine,0a8a4ed6b6c6e3e6517b234d1e287c51b0b37cfc
DaveJarvis/KeenWrite,c6daa64e77544947aee7bdda80c92e152e32aa5f
ilius/pyglossary,895230c9ee5b37c81fdc92f1aaec778f4e4f6a15
softmatterlab/DeepTrack2,215f6106a7b1f117bd3bb9c54ccc160b5b4f3b77
lets-blade/blade,273eb5c77b9a3428b92cf7e6413df92e3698d05d
milvus-io/pymilvus,05b5d9b66e6465b7cd9d3d517bc1c1839f19afbe
open-telemetry/opentelemetry-java,f563f4494dfd3366d37b205ec166d1ef09f285c4
ut-parla/Parla.py,ed056c29bc18159a008208f3c5456f7a742acdc8
crownpku/Rasa_NLU_Chi,9aab3fe29d61e52bcae15eba381d7a146ce7dbc1
rizac/stream2segment,dcc458a750c539c54a156d733918de61f110df2e
augmentedstartups/AS-One,ae25a885c27f6f721641652c9f557ed7486c460f
chen3feng/blade-build,4244c12b996726038935b37d783ce9947ff4bd14
crownpku/Rasa_NLU_Chi,36c0544e3ae2665fa21e5101a36576cddd6e68f1
sedmelluq/lavaplayer,a63714145a2c447b046284b0c0f5c7a0a104e34d
HDI-Project/ATM,a8f874dd8835240b1923174a22837ba28d1fa7f7
MoreUnit/MoreUnit-Eclipse,2dafeae1e7aee38acc6f62e07302fc3ba60d8a77
Backbase/bb-fuel,bdcb345650e7c8c1d2bcc37a9239543a6245e6b5
GatorEducator/gatorgrader,0431fd341bc55210b6431a317ebbf9e701bcef8f
Deltares/dfm_tools,c75e67836f957f2661e6e6620131ce802110665d
clulab/processors,9e6942087d0686a1b0eb3bfbd3537b419cd397a0
softmatterlab/DeepTrack2,8308d64057621504b2090c5961f002cd7a2c0fca
kellyjonbrazil/jc,b3896650c230b4acc73704a50c93ee74e4034eef
chen3feng/blade-build,d96796055964a8b4935879a9be3a18f75fde26f4
rpoleski/MulensModel,a6bb8cfc7922ff726b0269edd55a7ce463f38e05
mhostetter/galois,aee74b70b78565d3db1994d1f5bd4d4c6f53e080
opensearch-project/opensearch-hadoop,a9931dc86a6692697954cc2c0a5b45f982fe764b
joshgontijo/rest-client,8e0bd0228e7a9dab4255d99b9c48e1b6b865fffc
Deltares/dfm_tools,c5029373390662d2a74ef90337400a8e181cde78
Deltares/dfm_tools,06144a5a2295c753eb44cf017b8423324784ac7c
mraniki/tt,907705873708227d568a72d5e3b200713c6b14d4
52North/arctic-sea,3e1fda82768a8e63bd298d9a8654819d5eab2a1c
milvus-io/pymilvus,f0ec68659b062c97ead7baaaae29334a07cae80e
JakeWharton/butterknife,88689a73d0ea6d8ab44e87ef215cdf3ad1e81117
decentralized-identity/universal-resolver,f3c85e5b76d267cbcbdd61987082bee3a11e4c67
52North/arctic-sea,c20156eec81844cae243a3f92ba3de0ea0857d66
decentralized-identity/universal-resolver,7f71041b7f9f44a59e4afcc19752694acd360694
ut-parla/Parla.py,1937b48ba42e24dc228508ba534dfa169164880e
NVIDIA/MinkowskiEngine,b8a65a4528b39c6297bf25f39af928d1da594a2f
HDI-Project/ATM,2f0a69c90a8bf88c7a60b2ca06f7590f4192c3f4
clulab/processors,8cb592cd5c8f6b2019203455ede93bb6e96b91bf
bup/bup,96a717d1968766efa7f399cec3277c1947272de4
rescuezilla/rescuezilla,17d381452caf3420a234028ea914b08c7f472b75
Colin-b/pyxelrest,329fa3c3c1ec11ad44340de776602360db80832e
hmakelin/gisnav,71fc0ba460b857d0708aa2af7715f6e948e1e49b
kellyjonbrazil/jc,2689697b4c21758903e5f74ec069e89be585aba2
Deltares/dfm_tools,976eacc2463b23bcb517e58f0051b8e37520f7e3
rm3l/maoni,44addb173a03e6c0fced7fadb46f6c455816b5d8
swagger-api/swagger-core,79dcc0dff32e891939461e94eb2b57203d3077f3
Colin-b/pyxelrest,dea4cb221a18d07759ab2a44f3aa384f1aaf672e
kellyjonbrazil/jc,a896dcdf3b31b60582ebb1b3bca5d1103f998dd6
ut-parla/Parla.py,09901de97f2b0b62d4d0b90b444231df671a217d
NVIDIA/MinkowskiEngine,5f2889e61ed8bb374f7bd1a0b78c8b2e05f26aaf
lets-blade/blade,7ff8d31f1f0cbc0bc52fa6da78e1ad606770ccb9
52North/arctic-sea,e2d6469f4e682c0a9e0dab0e7c8f1c331b302f94
joshgontijo/rest-client,d7c97d396f8aa584f3222c700cedbcad79649ff1
swagger-api/swagger-core,eb5729a2f409f71c16bb0cee6d79c0a5f655acc7
servicecatalog/oscm,52fd0085b53fcdc78aa78c9657c605ad1c653ff6
softmatterlab/DeepTrack2,bdaa079a7ef500a7b8feeba627d3859a2332d5c0
NVIDIA/MinkowskiEngine,d44df12c177cd9b25bdaebd2c809a7a72926df28
sedmelluq/lavaplayer,63ebcf904702e02c4c728a03f5f89ca4009d9ad9
rescuezilla/rescuezilla,9d3d8f976a915ea7c3f22039ab16db6f07cc3771
open-telemetry/opentelemetry-java,575579f286ce47f69dd547f1bc596e281f40e0b9
Backbase/bb-fuel,cc1eb5a87e25d56ab8b5e9fd7eb41420fb877ff8
ut-parla/Parla.py,77824317594ae0c825bf340bba66780aa4915311
ilius/pyglossary,d44fa175eed287473f4c4f3868823cc4c02bd779
dgageot/simplelenium,5f9bf6a00f4dd8d232b05ba49d253d1798c6f4bb
eclipse-m2e/m2e-core,3520713c939e8b5f0c278cb0b9d7a2388823a082
huaweicloud/spring-cloud-huawei,cf60edb1e4aefa88c4c5685ef3d7357f28de6213
castorini/anserini,dc0b7ff8d41c992e37c8ee4b403b1b1dcaa87806
Lingotek/filesystem-connector,c88fb66c0847ca3cb66d3d59f0e3460fa72a753d
h6ah4i/android-advancedrecyclerview,95c16e04fd3fa8d899ab26faa712af6a38fcab35
bup/bup,fc87ec3d1421032825ab509f56b0b24f58ae1ac5
graalvm/sulong,8923104a6f575f07dc370dfee502d6ba92afc4b3
sedmelluq/lavaplayer,044cd9bf4dcafa63632e5dfe94528daea4d8cb34
egonw/bacting,fe132272d7ad519cc6dbb422becff0815c1b64a5
h6ah4i/android-advancedrecyclerview,a93cd05132c75fbcce2efd48ba2f0296bb78e270
decentralized-identity/universal-resolver,e7ec11ed7b9f3b2afe8f787a903b0f4c4b81360c
decentralized-identity/universal-resolver,81553bd600bf31cf61a3954c16fe54a4e3f33e20
themix-project/themix-gui,42c949be0792dbcef6d3cea3ef1b73ca12457998
target/strelka,62267cbca5e94743520c76326a0c8583130eda1b
Deltares/dfm_tools,af42fda6a356955c4758d20eb4b7b8675012b155
ilius/pyglossary,ccb8bdc67729f47f8c2834d8cd0e008632a081af
52North/arctic-sea,1bd4eb78fdb7de1d6c7287e409c8de28a980d7ed
sedmelluq/lavaplayer,68cedb2f75f7124c950ae52e4c6c7af496745670
INRIA/spoon,e63348db5cfcfeaf5e8e9b40d04bdeb067a5008a
rakam-io/rakam-api,81ccccf35130b62e494735b2ac5853e98708739f
chen3feng/blade-build,3a3ded0897ff0d851cd475011e36bb22a0763e88
jenkinsci/blueocean-plugin,3d14e8440634fd0820be84e2d5d2791e8dd60474
siegfried415/portia-dashboard,5e50a2ab18ccf8ea7015fdd20baf277914a1c27d
bumptech/glide,9b681c2e88b3722582585a3095cca295f5984098
Deltares/dfm_tools,28c4eebc9cb507c5b9dccd2df01e9bb8e5a7a776
rakam-io/rakam-api,258c3e16bbbe5a48ee5f128306e9b57cce38813c
jerrymarino/iCompleteMe,2a03c254d40aa7315a7ef632363257fdaf55ac14
52North/arctic-sea,447583273e2a77da7eb67a5a99cb1fc61350b5bb
release-engineering/iib,5af2492e0820d4ac4dff324efc1cacb171fcfad3
CodeDefenders/CodeDefenders,efe8c2729d40c06f07f20ab7225bd585c39364de
graalvm/sulong,4cccbcf8c99e445566ba8e0375d2bf45e9b7cf56
chen3feng/blade-build,4f4db04e1684466e7d7a99f865a699eb54ed2c7c
HDI-Project/ATM,439bc0236887e66488cfbf68090f386b53265bd1
h6ah4i/android-advancedrecyclerview,b9fe6b27313e8b0ab31c8911f425ca012e8cd616
decentralized-identity/universal-resolver,398dacaa375241e23df9e65f780323690c0ea3ab
clulab/processors,d320fdc425ab564ee409f4c2479cfe0bd7198f96
JakeWharton/butterknife,28782979870304a38aee6774ec25a090ea4a63e4
52North/arctic-sea,fb5389128f783805a440ca47176aba10f990caa1
HDI-Project/ATM,528143dd9b8e906ec125d836d726081b8cc6b44d
victorca25/traiNNer,528a917115f53a59281fe27924f1836cc8892d04
dadoonet/fscrawler,cb8587192ad7526319f96878cb4f087e196fd564
themix-project/themix-gui,a8ba8dfcd0f3672e7570320b160700a541603dba
DataDog/jmxfetch,4eb8a31c342c53b5b2f80ff926ba0fc2420eae40
Sygil-Dev/sygil-webui,a797312183188867d7b4bdc7f1a1263017540a48
DataDog/jmxfetch,cdaa75d4caa245ac8f018e7f34548ab56469fb68
GatorEducator/gatorgrader,ac619dee8071e3da0fcfb2856312ac47c4e8682e
osmdroid/osmdroid,32d2fdddffd27dd6eb363785bc3bbae297429b32
creativecommons/cc-legal-tools-app,7517b530f51a9ce6163661b755af1023a259b355
h6ah4i/android-advancedrecyclerview,601b1183762cfef09b2b635ec4cd6e13267ba6c8
rm3l/maoni,09e0d19fad7a8ca654e5f4d9e37a25c2b8b932d7
ilius/pyglossary,892ec476fc7cd950b3e960609a168d6ce9b80db3
elastic/rally,0072371b2e188d73ac581888c0f30c2d1ccef845
AzureAD/azure-activedirectory-library-for-android,b521f7168e3c00e0a43b6b12692ba9262c8a5d75
containerbuildsystem/cachito,592ba6e410ab65732541fd78fc8341dbf6e016cd
elastic/rally,c5740db1694f73ee9baa327e0a50713fcd8b4241
crownpku/Rasa_NLU_Chi,33751d500d1319d166f1ce2ae3935ef71d17412f
h6ah4i/android-advancedrecyclerview,c295d89b85f79c4b0984357e85d640b84e4246cc
openfisca/country-template,ef83780591e8e3ec7757cf8d89ccaeb4e432407c
rakam-io/rakam-api,ae51b91cc759036f1ded0dbeaaff6910b23c3c6c
mraniki/tt,794208b7aa0be5420ffb6c97cd80976f46499210
iotaledger/iri,43b739729e721e18de4726310f7f33d53c97033b
themix-project/themix-gui,b39795a34c6696e0f60e27e19bfe8a5b96e5d9ad
h6ah4i/android-advancedrecyclerview,99d4afe9c92259d94833856946b7b4a7da718646
h6ah4i/android-advancedrecyclerview,67251caffbaa6647ddc7fc0b95ba4f50511deb7c
SAML-Toolkits/python3-saml,a2c2a3eb92dd71cd91411a3df6d30c03907e0a2e
siegfried415/portia-dashboard,116ed154b384dfb03d03c831fc162d5745b5ad36
osmdroid/osmdroid,d4dde39a02e37c93e5552b540949d8a4a3543b41
prismmodelchecker/prism,1285bbfc99005c0a442913b26e4990bc6842fff4
flasgger/flasgger,b261442b8dd95e2e01f9e16135c4b4c782e19c65
kellyjonbrazil/jc,12a80e7db0f6c7d536674ad8d34e26bba9a1f1f9
Deltares/dfm_tools,ebf776f8b60f1118c6c64a8cd378957a6a5bc918
prismmodelchecker/prism,b469b11054e9d329880a84aa2a01649cba0bc7e2
mraniki/tt,8dadcd319edea5a8408f6654a192b75b4fd761a7
GatorEducator/gatorgrader,5a465e63d73e5ccb7be72ef9ff5a8173166a1d84
servicecatalog/oscm,b452f51084a96dd31ef593f1ddacb0a99ebc1801
Kwola/kwola,078acc31ba960824da45fa86a1eba578110d690f
joshgontijo/rest-client,ea13e48c25ff1d11f7c975b1b08f7c4f7728740a
HDI-Project/ATM,cc59f2cca5a923b6d69d6e2f0fda41d2985326fd
egonw/bacting,aa570b8a8dea274f8a07190be1aab8e324f14627
swagger-api/swagger-core,76b1e794a0080090a7d1069285663e714bc5060a
ThePrez/ServiceCommander-IBMi,6f6afa65f5b44112a76f4e7c7a770e3f3a8a9f14
graalvm/sulong,c97569f18d9f074330604496205013d0a66623cb
gwu-libraries/launchpad,77301f32311018b5103a9f5770d72d1277f788a4
Colin-b/pyxelrest,bf877dc9324df62012695c9e34b90adfb3892b3d
egonw/bacting,3937fbfc5c6507450f54a7d5940588e56a59b50c
lets-blade/blade,96cc012377869457fe07e09ea1c5de08e8712a0c
robinostlund/homeassistant-volkswagencarnet,c961a82ec18bcf6117b4e986dd4ed614a9132117
MoreUnit/MoreUnit-Eclipse,c49ea8706a3a9998d30366f5d671dd22c23371e4
mraniki/tt,9ce7a42f22906ec252442f6e834d54ed679f0c0f
egonw/bacting,b53d508aa13c68c586f9e5301dcb7271486da3ee
Lingotek/filesystem-connector,4d95b12675ad4d997cac5367ba22467f1fc49cb4
victordomingos/Count-files,3e59adfe542de1892c68bed881443ed1449910d1
jerrymarino/iCompleteMe,3b6b949bb33c68f3a64e18757b27b870d1cfef8e
creativecommons/cc-legal-tools-app,289bf8741231d4cbc9a461c5b3e15df562a9d5c6
themix-project/themix-gui,e81d4f3c74e3aeeeaaaa5b1519c0f925fb80180d
decentralized-identity/universal-resolver,998570b45187a8aa3bd8c3b6d1c34dfb30eaecec
swagger-api/swagger-core,bb6b3a76f34609e7a7ff0200a31fd4c77edcdefc
3dcitydb/importer-exporter,742abfb6f6fa40ab5ee9ba0735fefc5dd6b4a7d2
Colin-b/pyxelrest,d6a27e94ff4af3694d61a78f6be13c277d8bfc15
elastic/rally,eda17529b76b30e8917058b47e991a351ee88902
Deltares/dfm_tools,3350c151262d30fb1b90ff7ca156b9f154bed3dd
decentralized-identity/universal-resolver,6dfa344bf3d7b06f01bb2545ad2a447198cfa740
GatorEducator/gatorgrader,18fd3ba410e054e21029089f84d587e13e772170
Deltares/dfm_tools,28170a02396394ca95d12514f83cd94b4579bbce
h6ah4i/android-advancedrecyclerview,bdc792988a374ddb5f178f95574a1c44c97e1b47
victordomingos/Count-files,775b67034bbcdb66ff841cc69062ca6fe44f9cf6
INRIA/spoon,e6b98e8038e6470aac9d0bf9f824cf2dee4b2225
rpoleski/MulensModel,9ef118c73f84f57dbe2dc516ca7ebdeaa763a97a
egonw/bacting,9ed146c9880a02d56304b0db44b8ab01f3f6515d
h6ah4i/android-advancedrecyclerview,8a604c8e0292faa2b49e743e28bb21642c71f8db
mraniki/tt,1b230669e90480f0c1927bc1d2e063636ab1d8fb
Colin-b/pyxelrest,ac97d5dff9e508c99bfcf2a910dff753e12c27e9
neurostuff/NiMARE,1b0479a8325f78143f94b35ad732ebbee9468222
jerrymarino/iCompleteMe,240184eb72ca80154b1dcde400fce1c40debaa46
52North/arctic-sea,ad7411443338752e5fa8c5f2e14fb9411813b8c3
joshgontijo/rest-client,a31faff72bc7440a0293dd879dc5d3ef88c577c4
iotaledger/iri,25d79dffb60e235b49697669f8027c2d31c3257f
osmdroid/osmdroid,20749b69f89edd73da5b7ae184259b18906771a8
pythonindia/junction,839a80fa6a2988444f10c3d25ae9b884ade9505c
decentralized-identity/universal-resolver,b9618244c250e492e7015107f06972859abb340f
ThePrez/ServiceCommander-IBMi,acd1d688e8073929641749be5e226b00f47ff509
openfisca/country-template,9a47f0b911828be76861b0610af6d6a6bf0e03f7
rakam-io/rakam-api,a575928234dfa5cbeecc2dea6de327c4fb05d7ac
NVIDIA/MinkowskiEngine,4ae8451e29c762beb6ab822b3e66624d3d5e33a6
benbaptist/minecraft-wrapper,c2a29f8fba679f6cf71e6b17ff0cb4d9a3cefc2b
eclipse-m2e/m2e-core,bca04a4d2244efc7a6869d49cb748200ea4fb55e
riffnshred/nhl-led-scoreboard,f37fc7d32ae9a19d581f2a0bdcd927a115938287
Kwola/kwola,7b08c9ead4975f7d855b26a28d63ef02fd878828
opensearch-project/opensearch-hadoop,d7302e949423c2191b167aec7ae5a902ef1216f5
iotaledger/iri,7ee5b4a73a734bac84732ed2e60bd6ab06a6aec4
opensearch-project/opensearch-hadoop,f46cef8615d9ab308d5e34fa5da4c846310d69af
augmentedstartups/AS-One,267b54f5c06c620894959361efa711863def0dfc
egonw/bacting,2c3b0cc4c4c60b4228082a8e4d56e657c782bb53
jenkinsci/blueocean-plugin,4239e25095e1b59db762db7da3db8a4b8f431ce3
HDI-Project/ATM,a0d7b41274350f55250859e13fce5718156f93cc
Deltares/dfm_tools,a06763620f966c24f7cdd941edf2180feb38cd66
Sygil-Dev/sygil-webui,0cc41b903b1b80d7dae2b98da57b0f40658e2ccd
DataDog/jmxfetch,59bf1915ae31127d67058f86cf6bf786fc7c4a10
dmitryduev/kowalski-dev,794d1951796ddea2cc1b937d898423b809ca1b1e
rescuezilla/rescuezilla,5cc2ea6651c5ca0b52e0f875474d0e7d512c76e2
dgageot/simplelenium,853690e0a130faaee34a176505cd7ba81949cdb9
open-telemetry/opentelemetry-java,4cb2a5f0a3c96dc9af34c7a744f8ccd44da98344
SAML-Toolkits/python3-saml,8959883762e7518ee7fa2e5fdfe4432c67940dc1
h6ah4i/android-advancedrecyclerview,a38643fea206b980d6f47101f3eb45b770452c28
bumptech/glide,d9cc63a3a85d837135a2fc3e201e6997bbe3b21c
hmakelin/gisnav,e24e655ee488633f7647bb73630f98eb3a310bfa
jerrymarino/iCompleteMe,2897d56d958b2deba99694e211efe310830320a7
Deltares/dfm_tools,18c058e297eb983c3bfab401d668a933718f40b5
softmatterlab/DeepTrack2,80b0109186578469312e3a4cc97e024b93c3b7a7
benbaptist/minecraft-wrapper,f42422d59a4af45fa6fefc527c9389165697dade
dadoonet/fscrawler,4fec6a9c53be4c2353db1b21e8697758ee50cb86
victorca25/traiNNer,c80746affb3c3c6e28ac9c8cea90202f5123df06
decentralized-identity/universal-resolver,a7fabf0ccdc4bcdd0ff60518b6bf86f17d49b3c1
sedmelluq/lavaplayer,0d61bccebbf558bebb844b8e350ed4a3a959e11c
n1nj4sec/pupy,a66c52d56e6010bd43d67e664df0f0d9100e07fb
containerbuildsystem/cachito,693566c0aef35487bc335bcbf93452dd8a55db6b
riffnshred/nhl-led-scoreboard,a9930bd5a04e9b156e21399ea285f8d9b0b3b31a
creativecommons/cc-legal-tools-app,18905294a75695b24c177e87548e7f315f129d2e
bup/bup,212ffab13304085d8514b0942503ec9d47832fc7
target/strelka,a917aef7b20dbfb29ee827d6fe6dcdc1e5edae06
Backbase/bb-fuel,2a4823aebdc71a1437427d3b7dcb776cf0d9a540
themix-project/themix-gui,736abaccb6174cd9974972ce973e26974dca2550
KeithSloan/GDML,54afa0f5e8f80610896ba098c38bfe3e40bf09ec
rizac/stream2segment,079084671ac7ddf731969aa6ef3d59b86037369b
chen3feng/blade-build,53f9c09bcd86697047b7a584794ebf22ad663f09
servicecatalog/oscm,bffe21fade4b99d8574640e7914fac10778ac279
swagger-api/swagger-core,650cd67ff284691913dbbcb7de19eb031047e301
Deltares/dfm_tools,29eeff9321183b3c01749b7eed6a3b2227fe816f
CoLRev-Environment/colrev,04eab12d46d7e8d93a4d93aeccbf8da78ad21947
bumptech/glide,acf9eccb5d393700e1171f8ce4024ba1f9fd48b5
decentralized-identity/universal-resolver,c026b13b4afdb404de4ad726c37702cd77742508
milvus-io/pymilvus,723974020e59e439ff920bdf307c79eaf6813d0c
mhostetter/galois,6237b1981952a751a6430afc125c8108a62a1a32
jerrymarino/iCompleteMe,69363626fff4ff62e30bb7a375155f2dccc85c6f
GatorEducator/gatorgrader,9a4027009ebfdd9ab3382bbdb14921be72ce3bd9
3dcitydb/importer-exporter,ce5eb925bb753d8066cda2abe960ad2b92526b05
Deltares/dfm_tools,cbb8a76b6fe4685f0cefd8ce6e22b69917217af2
decentralized-identity/universal-resolver,a30451513ce27cba61c93fa429d989c934e84983
rm3l/maoni,4bd60daf127cff882602beefb023f9fb70a3616d
SAML-Toolkits/python3-saml,817a1363e7cd1121b02a9f8863615939eef6dc77
joshgontijo/rest-client,866f4fbaeb70b8cc63789b7df03cc8a70ec8a78b
oddluck/limnoria-plugins,6e58c3fe1dbdcbee6276e91f4ef6e468d142042d
3dcitydb/importer-exporter,8ea3f73b73817c98466edb5561886516c1005060
siegfried415/portia-dashboard,cbf5e86020fd108907a6fdc6304bcd5719207b55
martinpaljak/GlobalPlatformPro,bb95875c7a321365a94dfde02cca9bb00b4b95d3
open-telemetry/opentelemetry-java,c5730e77b542ca70fc19a56dc93df080e3810066
augmentedstartups/AS-One,f8716fb2f0d38a5a5ddc02c074e4a2243d379417
rpoleski/MulensModel,7afc39f6274dc385e51da17b8570b30dc1dbd012
dgageot/simplelenium,7cca33af2b91e5091c89dad49270804d6ca742ef
creativecommons/cc-legal-tools-app,ffb0659f1f0db8da24c05a9c42e49bb3bd8a411f
elastic/rally,da435a95a9bd7bb5244c4351eec784e1bfce5f1b
robinostlund/homeassistant-volkswagencarnet,546e6d437b19f73552c31c208c6eb67c3d9e7d1d
Deltares/dfm_tools,dd6ccd2a6e72392327ca60a781b476825f21cf2d
elastic/rally,292775169c64019063cc87d2f1a0fc70ff3ccaaa
decentralized-identity/universal-resolver,565cfde2f59d9f7b0ae88d8aef41de041062c9b6
GatorEducator/gatorgrader,6523dd3de5b9ffd3dd4c427662d22a03db06055a
servicecatalog/oscm,8c1150dd5c0d2eee8e75ee4f889b80a26c246645
mraniki/tt,c6cc184139a33054b5528d153ff6feda4c84a794
swagger-api/swagger-core,67ff9977713d70e5a42773d7e7f8180d1d82052a
ThePrez/ServiceCommander-IBMi,d2c4794d4a580a31fa7a0658125221830b9c95e8
rizac/stream2segment,c4b56dca117cc003a8f3c85ec662f64042e802dd
elastic/rally,bde912085f9b92c0f327ac8116e259898e1daca6
riffnshred/nhl-led-scoreboard,3b1ab340cfe02b051bc77f6227b8420ecce0c7b6
Colin-b/pyxelrest,43ccf4b51e26a0b6b399d8c999edf630c2f63a1c
huaweicloud/spring-cloud-huawei,7b16f1c03460e823c3344d9bb66386748afa5c65
jenkinsci/blueocean-plugin,1bbf198b16d95c2c1cd06f132dd35c15f1646621
themix-project/themix-gui,a6684113c6716a41bdb555efce844730d09687e8
ilius/pyglossary,02e0989bcc3ff3ace76cd987afc83ba4296e845d
Deltares/dfm_tools,80edb35b94b6e7ded763f8713054b441d7f56644
SAML-Toolkits/python3-saml,b794a89916e8e0aaed3d1b9c6b149964a2e98320
bumptech/glide,743cb00c7b0a9bfef640df17e732b0d50d5db136
dadoonet/fscrawler,117bd9a7657a0d5cb894b347e101d79af8954b75
crownpku/Rasa_NLU_Chi,63fed77abad4227bf341717cd1eb2f5752704d67
flasgger/flasgger,b6b5612c1975aed661d36214cd9e7918cc45fdfb
iotaledger/iri,ec2e8897a30270d92fba8c31d16b99be46d845a8
BlueBrain/NeuroMorphoVis,33169806d95819da231101f6247fd66ef1dc5ceb
decentralized-identity/universal-resolver,a2903d4836911ac64b044a279baa163cb8893ab4
eclipse-m2e/m2e-core,cd91c5c42ba150e6f36001fd5a7dc0e622c3e1c6
chen3feng/blade-build,969c561d245199382fe407f1541f887dc14039fe
decentralized-identity/universal-resolver,11a25daa7d4f0480bd775f90598ef49f3217adfd
Colin-b/pyxelrest,c9dcb20535e2c1e2aee25b54898621279961ef84
themix-project/themix-gui,4f17bc4531b3187e1254c15f0f15231ac82afd66
graalvm/sulong,baf7adcb630c3fd2384080c2b53a4947bf995d00
softmatterlab/DeepTrack2,5983f5224b75aef4ce3932662bd15723f13841a0
rizac/stream2segment,181b95c5e472d2dd45c8120ecc07e927534593b1
victorca25/traiNNer,de3ba707e538aa1d8395376a9fae5e20c9c4ef40
h6ah4i/android-advancedrecyclerview,5213b003748cc2010d73d8c6c3193deb2bbf023e
dadoonet/fscrawler,ec4b36fc979d6cb5d54bd48022d12d8fca187af7
AzureAD/azure-activedirectory-library-for-android,04c6793a0ee5cc13ab097d0e66423a75716e3b94
containerbuildsystem/cachito,acd0929bb5d75cddba100cfec0bacba682d44318
bumptech/glide,ce90ed40867e49b74025f39b8077f8c6b18ff998
clulab/processors,0e1e80d162b01eff94d39e0f8d5a2a1b3811cb6f
joshgontijo/rest-client,28a8b5f0df2840ca2d8d874b99ad5130ab66e61c
rizac/stream2segment,ed91d7dc790e921d093cc622f18c88b136f93967
3dcitydb/importer-exporter,44aba7d28155e85478ed59cff1541fd706c14697
iotaledger/iri,9dae9eab88afa0951ab1c3ecb6ed9d954ec7954e
Backbase/bb-fuel,101c58b09739b46165f0e35e4963169b637cdd21
3dcitydb/importer-exporter,80cd3d8e71b8333f106a6c44a6a330e00dd3e441
akazukin5151/koneko,b4aad02b03b04562879e3ea39d9a9a4b9ca09545
iotaledger/iri,163ba47c2d08986fcfc08ef105f22aabd326fb38
joshgontijo/rest-client,94fd4d6339b8cacac63535381dcbb6c7f793dcd6
egonw/bacting,51c03a4c7c5f504c6eea4305b2d5b444c1771666
NVIDIA/MinkowskiEngine,a88e2fc78c5781722af6bef6e20a32009df8567c
lets-blade/blade,691cd7fdb9af5e9d1606ab7daca436b30bbe85e9
52North/arctic-sea,2ea07fb718f5fd5bb517f51c83cefcdf3185cd3c
kokorin/Jaffree,0143125d000d96a7bd0941ec8d4f4923c635fee4
rm3l/maoni,96b64a28844cf36b262b7e26d77c8d1a55c25405
DataDog/jmxfetch,d5266be5298cdea0411fbc0bd7bac23c8a28862d
clulab/processors,e737fd9e7ea8e70b202d4e70fcb207db586bc50c
Colin-b/pyxelrest,bf987d1533b315b038ca837bdfee0de586f06dd1
openfisca/country-template,187d79df5ad12353caf5991f1f78f7dfe710341b
open-telemetry/opentelemetry-java,84170709c4d9ee0bb4c923e2fda41fd107645c4a
opensearch-project/opensearch-hadoop,ae34c183ac350f226af3c8d7843f9f7183ff22b8
pythonindia/junction,439f284d798353a821a3665264b7b2eaac86ee68
rizac/stream2segment,3d7f003296e1bf8d3f0586c07fb3b5c571d21c72
themix-project/themix-gui,a8208dbc92d96f88a382f814eb7bef29069590af
3dcitydb/importer-exporter,57c1bf3af2c1392109244ce23b6e540f92434307
dmitryduev/kowalski-dev,4135f35e723305da5282820eb3f4f2f2966ec24b
kellyjonbrazil/jc,5f4c10ffd5a9cbe4e5e3d2b9adc34f36492eaf46
Deltares/dfm_tools,0bc5194d583fab989a884d6c6a8a24dee39f5284
rm3l/maoni,4f35f74d3dcb536135a37cddb05d29fbb91051d9
ilius/pyglossary,923ace846b1dae58dd742e2d9b0daf8982d324be
AzureAD/azure-activedirectory-library-for-android,0a144fbe57541ea2f19e7e3fe3db3df7a43e9840
Kwola/kwola,08a048374acbc2eb25ed5fe7a5ff956c506d159b
crownpku/Rasa_NLU_Chi,c3a8c34202fcd70d3ef9892240c500c179c1ec6b
Sygil-Dev/sygil-webui,60e95f1d8c4e7296803389a46f542bd6e0a02770
victordomingos/Count-files,96baf39fc9598591c052a132f8c9d13a451ccbd1
SAML-Toolkits/python3-saml,88f66a858044c9818ad60368320ebd0ba677917f
rm3l/maoni,a0f63e19e459dac53a2bf35b129450697c6dc726
pythonindia/junction,67aa7eba1f7f213a4f45443d22eb71eefe250e6e
benbaptist/minecraft-wrapper,e1929fecb0f164a2b9dfc4b7d257375781afce53
siegfried415/portia-dashboard,c5ff01872135a4da1d14d85e5f1a27c296a2a0a2
Kwola/kwola,af88c82fc01f257566694474c4c5fddd87d4e4d0
swagger-api/swagger-core,88d8a55acd360090fb39c7c3547434cf18658322
robinostlund/homeassistant-volkswagencarnet,257d37a6f6464ab861e266c4b3b447f424caba8c
ilius/pyglossary,57a91db191e9024dcf66c111259b0b1209666c5f
ThePrez/ServiceCommander-IBMi,e61148efe2b46f2a998411da12b7779b86985ced
bumptech/glide,76ba99d4c6bb7e0c2bd64ae083ec0ab51be8cd5c
prismmodelchecker/prism,d41897dce96774a762e642d0174fa60abd07c518
chipsalliance/riscv-dv,db2a5dffd0cc6ae58d240dae10e2c337a3f88b4d
AzureAD/azure-activedirectory-library-for-android,0577592a5cdf19670dfca2e7530b446b75ac9f30
MoreUnit/MoreUnit-Eclipse,e227d9651f03db2664fe2edb182667ae6cbb9569
Sygil-Dev/sygil-webui,b9d97c9816251933d094f1dae43d2c631a07db7a
chen3feng/blade-build,02797cc7431aee8c6fae72c5d114a7ee835d2784
oddluck/limnoria-plugins,060c8480b0700b541208a59bf3937a5c654f6047
SAML-Toolkits/python3-saml,e2e38b9854d17fd3c43ce1dff86f1668049eae0b
siegfried415/portia-dashboard,0e354a3789b1baf4465fee14f34697960abcd08c
h6ah4i/android-advancedrecyclerview,abaf1da47986bf610de3dae64528c17e983b8298
opensearch-project/opensearch-hadoop,ce727d59effe12491a2c144f994c16905c3ec4d2
pyodide/pyodide,6e561d2b19ccfc7450260182a79399f88eab153d
battlecode/battlecode21,4e267797f8a1ca3f63e0698bea72fb1241f13e6e
CoLRev-Environment/colrev,0ab73450e15a1e33b942045c5bacbccc8572dd10
hmakelin/gisnav,a2074ea98305403a856496707fde36cad9aebab3
BlueBrain/NeuroMorphoVis,d7c62e2e724f63f667256f7e6a39759cf2435355
creativecommons/cc-legal-tools-app,369d590c7f45d7ee560da24ff2ab4f02f79d039a
lets-blade/blade,96c328650e22e5a0b334123c579f037bdfd5c895
DataDog/jmxfetch,fd33670b66666411378047a7e8834bcb10d24a99
release-engineering/iib,f263e2d9958229f0e3b6128c444b513400e24c03
crownpku/Rasa_NLU_Chi,e1ec2e47d0ed844f16799503a95ed7d7df8da0d1
opensearch-project/opensearch-hadoop,c137b8dd0b1d79d5b27dffdaed9f61825710fe42
kellyjonbrazil/jc,4ff9952938d0654376efc94ca7d8a12f6df171af
HDI-Project/ATM,e642ba959156067db493e45901c84e4ad0a996cc
KeithSloan/GDML,952b90e24b0f9b023a525c91ddb1f7d736781a29
osmdroid/osmdroid,6e75e4a445028811daef78980faafd2b0e3d59cb
riffnshred/nhl-led-scoreboard,b1f338aa61351f04559cc61bb7b597df364fa020
prismmodelchecker/prism,30e24567d50e834c8b471cbeec78328de02462c2
rizac/stream2segment,20e4f9ea85b2fb7537d6e2b196b4d5f8f37681b7
themix-project/themix-gui,bce9d3d042614aacdc32314f166eb484c02631db
sedmelluq/lavaplayer,8b65f554d7b0d78051631e79404fec881627f6a8
Backbase/bb-fuel,70ddabdf0f6edaf755fc486040a088241842b981
52North/arctic-sea,69814d09672678f3c85b8f7d8dccf5c545c328c4
Deltares/dfm_tools,ff67135f0c0e0a3bbea554280b38ecac94b8b597
augmentedstartups/AS-One,dafc0956b6187c17e5967123e25768e2ca0520ca
glic3rinu/django-orchestra,48f7225907e9adb2e33ada5ff2b356ff54efa8aa
Lingotek/filesystem-connector,7c269e9b103dcb4b82b8bc989371b0389f3b294f
Kwola/kwola,108dae6ac62431ef173ed2c022b6856e3f6eaa5b
milvus-io/pymilvus,8fd6d9825622e54a1e863fa12ee2004129d3a541
release-engineering/iib,0b62b6e5768952631a0db13b9dbf2ee926822113
flasgger/flasgger,b107abf5002711f2844c87b87634774a2ba99064
decentralized-identity/universal-resolver,4745daad7fcbee6de463be0452f33a6ae8810b64
rakam-io/rakam-api,562f74accd870641f6d1ee56d5dad45e4f56d142
sedmelluq/lavaplayer,303d4e5390ced895e064847a87c840a8bd9e299a
dadoonet/fscrawler,2d2846a8ee1289068ceef29f80d9603d81a73134
decentralized-identity/universal-resolver,a587c58b4470cd231f26b2dcb9987f47c8239c9b
bup/bup,63c1a8c02851b74309676588123d49710e1ecb29
prismmodelchecker/prism,b54050a19983cc041d3396a4c5c8364ab0c8cf6e
target/strelka,e34927a92a79fb3e31902307162702a185f2df7b
Backbase/bb-fuel,6eed7bfaf000c5bba297ac46222e5be32943a7c2
clulab/processors,af292ef1d6e0eb165a378c3a91c94905e0b13666
chen3feng/blade-build,c152cf306a5ff98ec6400d3fad0517bb12b662d9
opensearch-project/opensearch-hadoop,d731e2b2a4dc3f7780980c168885f96d0af6c2b9
swagger-api/swagger-core,f902066cf50c52c44ed7590701d2e93b7ea89f25
creativecommons/cc-legal-tools-app,cc99144ed9466022aca598bfb5d52785a3c7c24c
swagger-api/swagger-core,f4454dd95bdfba8ccad9c41933c8c958637324ed
kokorin/Jaffree,b712b917c49ddaa9dceb530b4d7282a8c19b1563
sedmelluq/lavaplayer,942fcdf14cd3d7c23aa1936b0b8348104677d34e
rpoleski/MulensModel,305fdfeaa1573797e348db1b245ff0e2bbf5652a
Deltares/dfm_tools,23506019277ddb4e2ff31d969d01e142a08c1fe9
joshgontijo/rest-client,3f418d7c31ca1918b6098b81ca679b478bd0c488
neurostuff/NiMARE,f5e43bb17511a60eb9f9f41d1d38e9a80316d4cd
siegfried415/portia-dashboard,a4fd1c802168841a68f0f460e4efd872bcfc1ebb
mhostetter/galois,db5c3122d8beac60e345b89a9cd89bce11454b7a
clulab/processors,e2094c3a530eee48ceb2673122c5c1095806673e
Kwola/kwola,89432f1c3bbd7ccbac9d3bfef18b79cf72a97e71
openfisca/country-template,5bfe2984cbb0390109564f6a820e5de54e052013
oddluck/limnoria-plugins,473269d099ce8897bfb273721e3e4b603edb4f02
martinpaljak/GlobalPlatformPro,d63e7a91f27cb3172bf9b9517eb11d55c427050a
3dcitydb/importer-exporter,eded33a7652d6d7086f3fcded4248f24db9e3007
MoreUnit/MoreUnit-Eclipse,136e0c3173db020746037944413b413dc3398ad2
chen3feng/blade-build,af28cdde979c02a471981f5ac4ae9445ba2fdc02
robinostlund/homeassistant-volkswagencarnet,ceae452b2bbbea79cb1e1c4adb7b9f9c4b4d7f40
robinostlund/homeassistant-volkswagencarnet,08b87a2f52af76da390d8ce07e792c3e2c315cdf
CoLRev-Environment/colrev,adc7a06e25313ef05a87caedd1a6818992186c8f
jenkinsci/blueocean-plugin,fb8ab8903a29473cb566ea5e7717602f536d6960
SAML-Toolkits/python3-saml,72df76ba5282bd635e48e27093031a54556fbd67
pythonindia/junction,0988168f0b42a7fa2f3d685167ef309372bd913f
eclipse-m2e/m2e-core,50a5edd278f7c4ea4cadcd2b4ba4aacde94c88c9
Colin-b/pyxelrest,5774a6f4d224332d72da4e85a7d729bdf1c1cea6
gwu-libraries/launchpad,b50b598301ba33bc8c62f327551e60f5808bc7f3
INRIA/spoon,3ccd1790a203b2ebe63cd0af796da9dac6760a14
oddluck/limnoria-plugins,492e4fbee52c696146790863c5a5a0caf44b6a5c
CodeDefenders/CodeDefenders,e08b0380f6df457b86db3ea815e1f4ead824b13c
MoreUnit/MoreUnit-Eclipse,43113ec38a0a3cf11d7c6cfa7ac35091666b1b67
benbaptist/minecraft-wrapper,2a41b95fb5dcc83ad1fa400da7c96fd148e34a7f
opensearch-project/opensearch-hadoop,8c12524d8dcdcb175ede8c489708556311d20c51
oddluck/limnoria-plugins,cf8ec033076e5a5cb91b455c576b330a12760ea8
kellyjonbrazil/jc,de647bba4aff84f7b513cf7f6fec8d3933b0d9da
rakam-io/rakam-api,5d1115eb2dcb3a537ff33fcdddb8facc586a3fdf
egonw/bacting,9062980fe69b98c9a36a4a5bca8af0f81b2ecbc2
JakeWharton/butterknife,75a1f335fc60c43c9c5d0af68aae990fcdfa6887
prismmodelchecker/prism,fffba04b3b70f19da5a5a283848989fb85d11329
bup/bup,c8af075fbf5fe45ceaf411dc01f7016290e8d794
52North/arctic-sea,438f69273412a10444ca726db8b34526254ec136
augmentedstartups/AS-One,47d4558dccb1cc6079f2242699cbfc0b2422c271
huaweicloud/spring-cloud-huawei,439a7fc94ed8e4c3e50fd7edcbeaf654f5194c0f
mhostetter/galois,3ce5fd90f442a998bb0e57acb9ed1332c776d2c5
lets-blade/blade,130b89ab36f3fe62980811dee4d1e0d0c8e87302
BlueBrain/NeuroMorphoVis,0ccf41e83ffd119a29ff6d6d86a07dda62f530b0
HDI-Project/ATM,4ce6bf2dbd1f0c6b8fb44de5a1840461aa68e955
DaveJarvis/KeenWrite,2eff5eccbc8c0b85be5d4082e25195bc47603f6e
kellyjonbrazil/jc,fde0bc853415418e01616861ace5048770bd97f8
n1nj4sec/pupy,e915574e56789b80ae92ffe30960ee6e9b8046d5
rakam-io/rakam-api,0d9934b68b58dc482b438461296485059e6fe908
containerbuildsystem/cachito,15c4e3d2f3117368a8c5eb72f73a6112567447be
INRIA/spoon,8200a66bfe7a89c7bb2590da906e0ec0dc156e3f
openfisca/country-template,4f8a4ae8482daf9afece94571c50793e98c025b0
SAML-Toolkits/python3-saml,8445fc6e9220f9e7c37a2229eb7c5f865e418de9
rpoleski/MulensModel,10c0194cb558785bd518cf10008063b7d8589a27
Deltares/dfm_tools,9f9580ebfc5c0631599bc4a6c906c758b7f6713d
pyodide/pyodide,2261af6dae612e1b262a7f2cd8b95532fe71b0c0
softmatterlab/DeepTrack2,f255a7f0b186e6171802a04c6dee4d7ce47a4f37
dmitryduev/kowalski-dev,c3169fa7c435ff04f873bcda94067a94f10f2354
jerrymarino/iCompleteMe,de330302b69c2910b285520a2b3538de85d5f00b
n1nj4sec/pupy,8ef657073e8d89a41599bb56a4a29ca52778c855
Deltares/dfm_tools,d421f9af712ebd5d187627ea0b0ae1173bbf6aec
swagger-api/swagger-core,7bbaba55594acc9b8a94988750f431a4bbff1cc3
SAML-Toolkits/python3-saml,b4199c5364d4b4c00d9930d9e4dab655ecdfaf81
n1nj4sec/pupy,5d92fb5368af6f04c6a5449ac056751ad32cceed
Deltares/dfm_tools,e5afcd9eac517cdb4a41448cad802099c6037d61
battlecode/battlecode21,5497123384ce3d142e8afd30a00696afd8e24372
rm3l/maoni,f76632e3b5be8798e37ac62d48b4db23d07a439f
decentralized-identity/universal-resolver,b177969362300fb0a928c83b83b2e0c43d328a7d
milvus-io/pymilvus,b619be7af08d270c8208b5bd15badd424ee2f447
Sygil-Dev/sygil-webui,d957d6ca1d9abe1d40458f6ccc5de6e097e0d1b9
ut-parla/Parla.py,6ebd105143cbae33c1b70ab5f2e798abc9a2b0e9
Deltares/dfm_tools,a041d33d7a794eb17a2fcf37a1fa67fbf9d29f69
riffnshred/nhl-led-scoreboard,b06385382849f3359c994cc09865d2366ec712de
SAML-Toolkits/python3-saml,ded055793d7a6ab7dbe0fc74b67a70a6a88bcbb7
3dcitydb/importer-exporter,a8394292cc292d2fd42bb1a497d76a5d6bfcaf25
themix-project/themix-gui,b9872bc00aba9b74aaa26f38f3d698bead9c6f9c
castorini/anserini,430fccf50a86aa0f99238604dd3969ab0fe9564d
sedmelluq/lavaplayer,952076e068786c60802df9e2229117f0068ac3df
52North/arctic-sea,c819fdf894b3f5d17d7943a12b4054d44d4b8f39
Deltares/dfm_tools,fc5750b0e17f78d5121700200b772adfb4cf2a9c
bup/bup,f9f52d51c510257f07bea9ef90dfb677b2aa9073
rm3l/maoni,6e265dcdcd7eebff62fd41ec2019ca4a1bbe108d
neurostuff/NiMARE,870d22468daa5b18390f9472aa1ef50fe0c761df
SAML-Toolkits/python3-saml,07059170866d411e427d351ff6e76182f85ab660
creativecommons/cc-legal-tools-app,463fdd8e7aea399aa6d6dd41b3f7c9b3a20c6c6e
iotaledger/iri,4d09e77f480068531d672a011ef5be2fc568b3d0
rizac/stream2segment,a9afb5d8e3cebc42778e21373ec8744694a24525
opensearch-project/opensearch-hadoop,795f0201a85d7c9c22cc86ad6ee479a198b85082
DaveJarvis/KeenWrite,01e29751bb446e94ea19675a053c64880af89cf7
lets-blade/blade,0db798b88fbbee818ec303c9bc93a94de2f09c78
rpoleski/MulensModel,15e79c10bb98c20d8c9844448d254c327bf75584
CodeDefenders/CodeDefenders,cff54491277ae0f1c569421eadcbe0a9aabf182a
pythonindia/junction,de96eeda71a478bbfbb28a7e340cf6a9c37dacc6
HDI-Project/ATM,9693bae1a15ee0250dd2c4c932cc6b5d0765bec9
dadoonet/fscrawler,b9c6027dd322f35bf684ece0ae9298d722a6bf21
swagger-api/swagger-core,cecec1619f92f275a143426b106df0f4af7a064d
AzureAD/azure-activedirectory-library-for-android,6e7854ba93e0b8674483e692561905fe063b6700
riffnshred/nhl-led-scoreboard,559727da19a800614ce513f06cd95903fdd0181f
Deltares/dfm_tools,a85018a3be8a45b1153d8fd217b2ab2112bbb9d1
release-engineering/iib,6ba014d223fe7c36db98ca7400d2c98490024b44
MoreUnit/MoreUnit-Eclipse,dfbdf30f4ef5ec77a98d9e38b8b76eb6c28171e6
CodeDefenders/CodeDefenders,3c8eb12533bda495c2af8ada1a87da1c6ca30c8e
open-telemetry/opentelemetry-java,fc28ee56969dd27e310e4ceab7fed11e684a5b10
GatorEducator/gatorgrader,296fe16894a74d1ec055869cc7b0919b736c7554
swagger-api/swagger-core,61ccb51bc33ded0d46fb01bb8ff2f40e7098bd2a
52North/arctic-sea,0cb4ac154db0d1ae6b052728091253d88d1ee5e0
open-telemetry/opentelemetry-java,540ebfa03d5631ab2bc7c6a36b32ce975bb07cd9
chipsalliance/riscv-dv,080c809301ad9e1270617c67fc31d93e34f5303a
KeithSloan/GDML,294e2b0889ab73830e1b9363f33c3cae1c9b2db6
rpoleski/MulensModel,149c3d0387a134487f53dc98b8eab928333283f4
ThePrez/ServiceCommander-IBMi,5bc6251cd31a7432f083cc15e8c55af839397e22
robinostlund/homeassistant-volkswagencarnet,01408cc40f313f5a252e6ff4d5a494f71dad97e5
lets-blade/blade,fcabed6d7a3df3104425f92ebf10ae719fa69b01
opensearch-project/opensearch-hadoop,248f7651656803fd0c0d2fccb1dfc9caa658ec22
dmitryduev/kowalski-dev,fbdd8bee9a54da0d6c920a9eb98fbb8654297b5a
opensearch-project/opensearch-hadoop,a716e5ccb493e7c2819d3c81af32556f65e2bcd2
flasgger/flasgger,29efba55a5d4d64f549bdf98ff36ef3be26e46c2
dmitryduev/kowalski-dev,bc4e6b212bcd6ead520d50d5758891af2149dd69
victorca25/traiNNer,49ef080b0f1e5868addb6b60d7ce9bb390c2f313
DataDog/jmxfetch,4cfb06b8b915c05366036c49873026235f886e0f
clulab/processors,9ecfa85b15be1a67edd1ba152ec65e4615a26130
graalvm/sulong,20686f6a72e222ad0a6ebc6ef002a5b353a45fc6
Colin-b/pyxelrest,d90cee094d41aaad2b52c44b78f8b38b57b123b4
HDI-Project/ATM,09c243fd233f07b3cbf40d239d21ec7e90a071e0
Deltares/dfm_tools,b678642226c2b355c8ee341ec9c09653caaa3e26
DataDog/jmxfetch,d2d6b734feeadf5b3825a58ca0ab5a946eccce26
pyodide/pyodide,c3ac3d3357bd9a4ecd14b7c59a215de341b4c9eb
creativecommons/cc-legal-tools-app,bfcd14ecdb0d1b0849e744332ecc540e8c29cb1b
BlueBrain/NeuroMorphoVis,f32210d72a4ac9141b3f5b5af6e8231d0de7ef4c
swagger-api/swagger-core,39646cfab436f00f9aa472f272b5194a882567bf
DataDog/jmxfetch,8efbc04846ea2187616201dc2e77fe66e90e7eb3
martinpaljak/GlobalPlatformPro,d43f3df8d549feba825b8dc9e7689629e23864aa
riffnshred/nhl-led-scoreboard,92b37e86f996f499a7dce67c1389f6ec3b61c3cb
kokorin/Jaffree,1e041104147ff8147cba475e4fda4038c54bd6d6
graalvm/sulong,3761c2e43cb45f473b1f2eada0016c3f6a919fda
rescuezilla/rescuezilla,8bded075dd20880f1abfe7db7c39579aa4e2ef5f
release-engineering/iib,66428833d87bb3e7de31f764c5b52e32123f5056
NVIDIA/MinkowskiEngine,be5c3c18b26d6a62380d613533b7a939a5458705
jerrymarino/iCompleteMe,e0a3f724e82a14dd43e7de4d1f785e6e5fc3f2a1
kellyjonbrazil/jc,473a6431425fc24a4cc83939ff592e0d49535b9c
opensearch-project/opensearch-hadoop,5cc3f530847a80745241b30bb665815f2c4506fe
rakam-io/rakam-api,c5202ed798287d2be38f38ce004756a8ac554948
sedmelluq/lavaplayer,613550b12b2b155fd0cf124ae04cc9377a21393b
swagger-api/swagger-core,2e98a903d841ae7a7afffe0b76ae34d5c4c4dc55
milvus-io/pymilvus,670d64584fea12bae4a99a1674525145729ead9a
52North/arctic-sea,7661a4e82988fc0770b50174b438f8d5062b602e
CodeDefenders/CodeDefenders,84e59f1703fd87ce5612b40adf392cbd60f83fb1
graalvm/sulong,7bef3297ab044dcd0128667b342747d6a3c940fa
INRIA/spoon,f4116f881811ec1007adf00e44eadff81ee1fd07
sedmelluq/lavaplayer,5ef091f3ce78b4475db9725aefb007270a580948
GatorEducator/gatorgrader,062cff8fcab568c15a3709bac0576e74e33af1fd
dgageot/simplelenium,5a2766e08950429dbe500673d9e19ead7638583e
Kwola/kwola,f5e63fcef8c60330d0c101ed87efedcbfc0b8c22
joshgontijo/rest-client,9a2ffd7bb8936ddc68f0314b3dbe52a93fc2436d
Lingotek/filesystem-connector,69e1789808f4ac1ffdcaf92984727667ede45b79
NVIDIA/MinkowskiEngine,93e4db79504ab18501af6cf29453408f2d043325
kellyjonbrazil/jc,02f7d73fcab3b1053852ec610d723fbcca52d154
glic3rinu/django-orchestra,9880e3ecb3afde0cd3c8a22c53bb1d32ba763b31
sedmelluq/lavaplayer,c63db6c576c0d758bb2d42a29986954edf2c2222
victorca25/traiNNer,c56070972d37e06e1c204e6a5a0f68e160468ebc
Sygil-Dev/sygil-webui,f28255466b9ac758ed8f39a4bd47b0d1d8f9eba7
swagger-api/swagger-core,2f818bd6d1cdebf369121bc11baedb2bb1d30cf9
open-telemetry/opentelemetry-java,792a6926500cc7ea3a884ad42a84d43302f984b1
CodeDefenders/CodeDefenders,075fea267c1cd12d782c68abcbf503c3802f7bbd
3dcitydb/importer-exporter,0424b981661683bbaf05dcc73900d16d669c1307
52North/arctic-sea,643b2edc7231f5cb0e7251229c06c4b17697ff31
rakam-io/rakam-api,12271d02b05ca1ac0ee404791ecd441d9cce5b7d
chipsalliance/riscv-dv,9a78d65f6fd0bdc1c00d723a790c6dc74a7f804b
rakam-io/rakam-api,991ae27042b6bc80ba8ce9cb37e9a23a8ce79b45
swagger-api/swagger-core,d721fc26f3c6448f0a08e8b80e5a961f005cc40c
CoLRev-Environment/colrev,0ccda902239c3e49e79d2527a684dc0b70b9dcd7
bumptech/glide,95c8f811a1a25a9dd893f456dafe2de9deb0f029
glic3rinu/django-orchestra,42158618a2af35954ce76b353cb2379402cbf222
rescuezilla/rescuezilla,f382b42e5b9c2fd8fc54fdd3e40d671ea3ccd1a0
milvus-io/pymilvus,641a0301f21f115b2c86d2540abdbec17287295f
